{"crs":{"properties":{"name":"urn:ogc:def:crs:OGC:1.3:CRS84"},"type":"name"},"features":[{"geometry":{"coordinates":[[[[-74.05581438861887,40.64970879790663],[-74.05619414135802,40.63927748254595],[-74.05623556634002,40.63813939513828],[-74.0563014878872,40.63705857325045],[-74.05646822584012,40.63174669054766],[-74.05661769631568,40.627284070550225],[-74.05534110428691,40.62513123369645],[-74.05352244692213,40.6220907957866],[-74.05235184918668,40.62013362230904],[-74.04996267761109,40.616256674252995],[-74.04906155737653,40.61482391679332],[-74.04806555855417,40.61324022425827],[-74.0474892630543,40.612330981640746],[-74.04644311547133,40.610751346738],[-74.04388942485573,40.606912939770815],[-74.04384055466234,40.606840052295226],[-74.0437881586705,40.60676063736725],[-74.0430448005204,40.60562648244572],[-74.04204281531865,40.604097665698006],[-74.04139303595913,40.60310619833148],[-74.04051513309656,40.59963562166861],[-74.03787623561931,40.589201152799085],[-74.03732162923153,40.58694697398504],[-74.0345417390644,40.57629353651957],[-74.03505241051164,40.57287190723237],[-74.03586487080985,40.55897046092869],[-74.03637295003907,40.55101205067153],[-74.03751505275191,40.54278200892535],[-74.03810591062908,40.53829766799838],[-74.04216496133071,40.50930505904619],[-74.05206344043313,40.50752040727438],[-74.05391938569981,40.50718568318473],[-74.0556101081191,40.50688072730866],[-74.05737936799645,40.506561576911],[-74.07757634518211,40.50261761855859],[-74.09870221370514,40.498973613795755],[-74.1311609762069,40.493566700379844],[-74.16263441384002,40.488319668727],[-74.2003433662117,40.48202197647393],[-74.21704064689236,40.47920970119963],[-74.22807040986636,40.47737324425922],[-74.23792026617895,40.48128186423405],[-74.2532631823057,40.487414498743014],[-74.2563960463752,40.49302553663262],[-74.25874354354177,40.49704148672919],[-74.25874565719707,40.50009951400992],[-74.25874745984156,40.502706023609996],[-74.25797605114816,40.50779251425844],[-74.25850081725457,40.50810821260546],[-74.25816973908871,40.508861073730735],[-74.25718627053094,40.51075883849051],[-74.25480998185382,40.51534380086034],[-74.25441676320246,40.515719051264796],[-74.24606886636688,40.52095150312937],[-74.24609770471172,40.52161425163767],[-74.24646176975536,40.52477113969693],[-74.24646663387708,40.524813328274405],[-74.24647889041466,40.52485043115935],[-74.24872958150935,40.532753476325496],[-74.25020554484419,40.53962964085925],[-74.25060899553395,40.54185089294515],[-74.24921214068557,40.54506531770795],[-74.24741487224904,40.54920068898257],[-74.23921087822707,40.553763864025235],[-74.23169304873944,40.55845726378776],[-74.2290803794367,40.55822739460001],[-74.21839814670275,40.556996506123895],[-74.21678980948614,40.55866917513923],[-74.21527838461533,40.560240958139616],[-74.20896842251048,40.576563027395004],[-74.20909808421239,40.578859980806726],[-74.2072201838544,40.587939265792954],[-74.20359337786171,40.59265347704841],[-74.19952011304316,40.59753860597456],[-74.19940829427699,40.600201165210954],[-74.20381233197925,40.60596069454268],[-74.2031280973266,40.61410903543485],[-74.20186318783018,40.61855716367982],[-74.20373777321852,40.624226879889044],[-74.20348902435248,40.625050549063516],[-74.20244094598947,40.628520771114104],[-74.20224710449818,40.63090315521329],[-74.2004690759884,40.63263017425474],[-74.19750077546104,40.63536049868242],[-74.19736990786713,40.635481146883514],[-74.19724348798101,40.635598403554226],[-74.19715126021788,40.63568418610135],[-74.19705039958033,40.63582474472526],[-74.19703683840312,40.635850726070835],[-74.19620623566944,40.63773053288002],[-74.19145529339474,40.64204528329883],[-74.18971132517721,40.64321664445698],[-74.18829715675528,40.644205378022775],[-74.18676736827275,40.64524937802694],[-74.18563723268245,40.6460467107353],[-74.18164554495286,40.646524845574646],[-74.17759484677451,40.6460490092748],[-74.17062312438749,40.645230342328816],[-74.16153403242895,40.64415628242124],[-74.15809750008869,40.6437575671229],[-74.14311236533743,40.64198930728669],[-74.14218115312035,40.642144146964526],[-74.14210883369263,40.642159057614144],[-74.14204531875114,40.64216903987557],[-74.14192148276058,40.6421902013641],[-74.13654824424589,40.643079674297155],[-74.13293321913035,40.643677941953804],[-74.13002143214037,40.6438154465951],[-74.12556919766072,40.64402313742663],[-74.12067478780362,40.64545615046918],[-74.10997660524883,40.64801116691175],[-74.10503930427048,40.648080727182645],[-74.10025933537145,40.64814786945822],[-74.09374670261535,40.64823902836044],[-74.09125365492135,40.649444718287484],[-74.08680605289474,40.651595429390724],[-74.07156992553936,40.651812228553034],[-74.0557974835737,40.65191856079862],[-74.05581438861887,40.64970879790663]]]],"type":"MultiPolygon"},"properties":{"borocode":"5","boroname":"Staten Island","shape_area":"2851517714.98","shape_leng":"220557.476076"},"type":"Feature"},{"geometry":{"coordinates":[[[[-73.92722485839732,40.7253327978587],[-73.92653850981281,40.7240652013647],[-73.92534378298296,40.72163798246615],[-73.92417994181544,40.720019995821225],[-73.92427812427114,40.71853611888981],[-73.92312683417494,40.71702366070955],[-73.92283177836151,40.716636030802505],[-73.92271117695242,40.71647759153926],[-73.92273875723602,40.71615785672447],[-73.9243268715038,40.715568194927314],[-73.9240590973705,40.71411155964509],[-73.92404011334023,40.71400831262909],[-73.923139363493,40.713394728593684],[-73.92223466477681,40.71285595386052],[-73.92181880372863,40.71178206744772],[-73.92154601695684,40.71104328353501],[-73.92122073526369,40.710790558556624],[-73.92112020108577,40.71073540731277],[-73.92074853115804,40.710533648958915],[-73.92189184698753,40.70939609620843],[-73.92143476038935,40.709128765706865],[-73.92070065918877,40.70869463012412],[-73.91995952930917,40.708257288021265],[-73.91956473351316,40.70802397890007],[-73.91922162669334,40.70781513434556],[-73.91884342572222,40.707597998402015],[-73.91847670933089,40.70738156323966],[-73.91810299645118,40.70715996945832],[-73.91808167671857,40.70714732960879],[-73.91773662905575,40.7069427389296],[-73.91736520321216,40.70672246900852],[-73.91699506801969,40.706502964578284],[-73.91664948178584,40.706299388125096],[-73.91660892379083,40.70627549467023],[-73.91625252031217,40.70606554297972],[-73.91589738629857,40.70585481662766],[-73.91551250506066,40.70562644465369],[-73.91477063847702,40.70518943727273],[-73.9140309753655,40.70474911303572],[-73.91329162431975,40.704312638547336],[-73.91254913908388,40.703873419836604],[-73.91180710069368,40.703434952529385],[-73.91290404121894,40.70236189179942],[-73.91216169804008,40.70192316460578],[-73.91142242657304,40.70148658851946],[-73.91067882737421,40.70104596906428],[-73.91180682191074,40.699946882523946],[-73.91106925939418,40.69956349728936],[-73.9095327320459,40.69867510512615],[-73.90877366102967,40.69825522669458],[-73.90802249245729,40.69782540863499],[-73.9075698522662,40.69757174997126],[-73.90727452392139,40.69739919022613],[-73.90684583526584,40.69716354931234],[-73.90652350712153,40.69697614411984],[-73.90611626069254,40.696750557132155],[-73.90576536020353,40.696548555628084],[-73.90540127730306,40.69635030638624],[-73.90500484834325,40.69611874678658],[-73.90466384753614,40.69593224703033],[-73.9042601841169,40.69570037144337],[-73.90480435382129,40.69514816908227],[-73.90491424259831,40.69507357133107],[-73.9057959707531,40.694127155011714],[-73.90504295361606,40.69370400625834],[-73.90428792777072,40.69327806824532],[-73.90386600541092,40.69303571222961],[-73.90354057071892,40.69284878179609],[-73.90278824707006,40.69241833920624],[-73.90207277431011,40.69199923130491],[-73.90176096674973,40.6918073103901],[-73.90155390304945,40.69167985843165],[-73.90143958673798,40.691612105263424],[-73.9013984066204,40.69158999203796],[-73.90188776254891,40.691077720073444],[-73.90042465113166,40.68818389837445],[-73.90116155060393,40.68787793535575],[-73.89652644236399,40.68240329924178],[-73.89646625129005,40.6823364219735],[-73.8964301047743,40.68244635983903],[-73.89641909073704,40.68247987624392],[-73.89636799095423,40.682599757134305],[-73.89635898903512,40.68262086673396],[-73.89628634753659,40.68275838258801],[-73.89620169623458,40.682891482252195],[-73.89599727382054,40.68319687928068],[-73.89577945503007,40.68349718335825],[-73.895614765645,40.68370742156887],[-73.89554859504649,40.68379189231634],[-73.89530504948851,40.6840805195653],[-73.89504926903233,40.68436259903922],[-73.89491067454075,40.684508486836414],[-73.894174632671,40.68528324867335],[-73.89414255551809,40.68524714627255],[-73.89404098849295,40.68513283460123],[-73.89398568665801,40.685070594710545],[-73.89344031315596,40.68445679053497],[-73.89274142443108,40.68367018616598],[-73.89258303168421,40.683491910385385],[-73.89166010725289,40.68404417791015],[-73.89063086856088,40.68470017804887],[-73.89015418738836,40.685003990307884],[-73.88962787578853,40.68423645375051],[-73.88908895286676,40.68464055300135],[-73.88829811172322,40.68515419321358],[-73.88808341842629,40.68529363166867],[-73.88728392925601,40.685622475450096],[-73.88452250957424,40.686684749095754],[-73.88377698649366,40.68786341068253],[-73.88226665508793,40.68903855115103],[-73.88117469097543,40.6898725878354],[-73.8795613942397,40.69110478082617],[-73.87950641220809,40.69114676934594],[-73.87939315108166,40.69120963169446],[-73.87402053306798,40.694191294715765],[-73.87004292899886,40.6949414841502],[-73.8689176275688,40.69514656101239],[-73.86840519015212,40.69473118624479],[-73.86868454370578,40.6940346919058],[-73.86859478104992,40.69388437469202],[-73.86805885286167,40.691183957736946],[-73.86797688110153,40.690795583781664],[-73.86790948512783,40.690476261267015],[-73.86776832168447,40.68980328887615],[-73.86762340412446,40.6891453423482],[-73.86752749889669,40.68871618273978],[-73.86745694077649,40.688400441156766],[-73.86728057406931,40.68774928560641],[-73.86701802992214,40.68683034853405],[-73.86687058632367,40.68633059062493],[-73.8665984834927,40.685269559070086],[-73.86650407890409,40.684474052264946],[-73.86631496942952,40.68324894282336],[-73.866302638536,40.68318669410056],[-73.8662900301626,40.683115007207775],[-73.86627174201608,40.68303406835589],[-73.86601993220731,40.681919587028176],[-73.86499404523258,40.6821289698999],[-73.8645649436505,40.68224615007708],[-73.86410096679134,40.68237285029281],[-73.86398968858057,40.68192956266774],[-73.86378674469518,40.681113747024504],[-73.86334943593147,40.67935164038733],[-73.86330964247928,40.67916796966387],[-73.86328297030434,40.679079370673605],[-73.86286742479696,40.67912212114375],[-73.8623458053523,40.67916478514189],[-73.86225943089215,40.678816786156524],[-73.86202843089828,40.6778861140329],[-73.86171238717559,40.6766105959753],[-73.86139775932799,40.67533658998087],[-73.8613186364857,40.67502126881637],[-73.86114396102506,40.67433014745016],[-73.86107192565137,40.67401981389552],[-73.86077512857486,40.6728056222393],[-73.86038519920734,40.67125171099068],[-73.85947416458082,40.67138053153496],[-73.85855466688884,40.671518146103146],[-73.85763323174372,40.67165619403902],[-73.8573094780505,40.67041623336579],[-73.8572848668308,40.67032198990501],[-73.85726744668646,40.67025529429581],[-73.85724675781796,40.67017405168215],[-73.85722693696259,40.670096212133984],[-73.85684676228357,40.668602935333155],[-73.85670509160359,40.66802643910209],[-73.85667995705202,40.667924158674275],[-73.8564631194297,40.66704176389169],[-73.85618809660164,40.66584655462705],[-73.85611740295845,40.665509379604664],[-73.85568461221035,40.663867492875696],[-73.85611710208975,40.66380840213475],[-73.85659075119855,40.66374715959931],[-73.85753563345148,40.66359786251401],[-73.8584295085741,40.66345336042945],[-73.85811779269261,40.66203657079248],[-73.85802504298093,40.6617210500927],[-73.85793640978068,40.66137443662229],[-73.85761537251577,40.6601189331548],[-73.85851436393638,40.65989894246878],[-73.85938691846947,40.65977271538219],[-73.8603049463005,40.659634655304906],[-73.861188755476,40.65925462538664],[-73.86174759025212,40.65893835651107],[-73.86317083340404,40.65827651294904],[-73.86269778299636,40.657618308509974],[-73.86243848505259,40.65725751293975],[-73.86216345892707,40.65684662437257],[-73.86098917354016,40.65520976660278],[-73.86086853825005,40.65507780573743],[-73.86061323156355,40.65471947073786],[-73.86057836202487,40.65467532914355],[-73.86054077882481,40.654623996610624],[-73.86049595788757,40.65455882498151],[-73.86001322891096,40.65397342535965],[-73.85991265091515,40.653840237781054],[-73.85902154958852,40.65266017636724],[-73.85722330984474,40.65027867003899],[-73.85664852076073,40.649700687933915],[-73.85614826788904,40.64919764437254],[-73.8551012473195,40.64353391023701],[-73.85502033268413,40.64309618131569],[-73.85449975709352,40.64312927817668],[-73.84833830902343,40.643520831985256],[-73.83765174362406,40.632839732956214],[-73.83618790298134,40.63106681115676],[-73.83304100907765,40.62826127106071],[-73.8331993952631,40.62677938539602],[-73.83355923946546,40.6239360339985],[-73.83357550708051,40.6235979172804],[-73.83362242002327,40.622602638829676],[-73.8336821495259,40.6213813056866],[-73.8337015227225,40.62097860134445],[-73.83380776614784,40.61877010156333],[-73.83395266471729,40.615757833498975],[-73.83401888200446,40.614381166420785],[-73.83430323028723,40.609150897651794],[-73.83437386568123,40.60785151392084],[-73.83446265686187,40.607192532943515],[-73.83573587587433,40.60579318845258],[-73.84195659799191,40.59837691494871],[-73.84440774157362,40.595888288164815],[-73.84667899480304,40.593209082997994],[-73.84738575234722,40.592028175658996],[-73.84985226311555,40.588669335519725],[-73.85352199962543,40.58659200035184],[-73.85493753105479,40.58597967678609],[-73.85948722188797,40.583936943930944],[-73.86600041528473,40.58098954219931],[-73.86737333502754,40.580301995402756],[-73.86923200001975,40.57934200022259],[-73.8714184406939,40.57853527891895],[-73.87923424879816,40.57467567900094],[-73.88503643111778,40.57375092244162],[-73.88508290338287,40.57374368407786],[-73.88512900113692,40.57373434634124],[-73.88519092035648,40.57371995126501],[-73.88629181110531,40.573503693195995],[-73.8905153322192,40.572707199164995],[-73.9038710598749,40.571618737022234],[-73.90878996095361,40.57079936251175],[-73.91336523304521,40.570078580573536],[-73.91846539916483,40.569291275522346],[-73.92040677354174,40.56897938003505],[-73.92621455510998,40.56808167144724],[-73.92805205084623,40.567768327705345],[-73.93650796259392,40.5664295022476],[-73.94379310076174,40.56549421638973],[-73.95068256276457,40.56442614616101],[-73.95166001758973,40.56428088873385],[-73.95928127087066,40.56307888683862],[-73.99708582402205,40.55725869016684],[-74.02366022634378,40.55305588300098],[-74.02501649923319,40.552826629661425],[-74.03637295003935,40.551012051174126],[-74.03586487080985,40.55897046092869],[-74.0350524105119,40.57287190773496],[-74.0345417390644,40.57629353651957],[-74.03732162923123,40.58694697348247],[-74.03787623561931,40.589201152799085],[-74.04051513309625,40.59963562116602],[-74.04139303595946,40.60310619883405],[-74.04204281531865,40.604097665698006],[-74.0430448005204,40.60562648244572],[-74.0437881586705,40.60676063736725],[-74.04384055466268,40.606840052797814],[-74.04388942485573,40.606912939770815],[-74.04644311547098,40.610751346235425],[-74.0474892630543,40.612330981640746],[-74.0480655585538,40.613240223755696],[-74.04906155737615,40.61482391629073],[-74.04996267761109,40.616256674252995],[-74.05235184918668,40.62013362230904],[-74.05352244692254,40.622090796289186],[-74.05534110428691,40.62513123369645],[-74.05661769631611,40.627284071052806],[-74.05646822584012,40.63174669054766],[-74.05630148788677,40.63705857274789],[-74.05623556634002,40.63813939513828],[-74.05619414135802,40.63927748254595],[-74.05581438861887,40.64970879790663],[-74.0557974835737,40.65191856079862],[-74.052843160567,40.65542515511197],[-74.05173215319634,40.65731586365049],[-74.05090581044557,40.658766632724316],[-74.05031238017737,40.65957244517373],[-74.04962879787357,40.6605006485489],[-74.0487822170115,40.66164085791075],[-74.04829345624162,40.6624326530959],[-74.04190650558232,40.67277782348614],[-74.0362648065025,40.68191291017665],[-74.03457281029688,40.684865814534575],[-74.03391745407401,40.684642256890285],[-74.03337675353427,40.684457807139154],[-74.03268472018742,40.68422172756277],[-74.03139726637902,40.68378251191715],[-74.03034663905453,40.68342407415033],[-74.02832661932929,40.682734876153276],[-74.02111521215461,40.680274052997],[-74.02039016995113,40.68002660401396],[-74.01984812278376,40.6798416050126],[-74.01955939822047,40.67974306274616],[-74.0194177599097,40.67969472116238],[-74.01928128102017,40.679648140092965],[-74.0190683342972,40.67976074797666],[-74.01892813988314,40.67984430511124],[-74.01899105471408,40.6799049932014],[-74.01772532572437,40.680661902673755],[-74.01764735085476,40.68060189084181],[-74.01757049494164,40.68065064812441],[-74.01746928903134,40.68061473170099],[-74.01684837002347,40.68098575898777],[-74.01678834016225,40.68102196579507],[-74.01520082279144,40.68197941993083],[-74.01532059864759,40.68211072878072],[-74.01508295187081,40.68225409932074],[-74.01486782800727,40.68238321354489],[-74.01282000398867,40.68362241649745],[-74.01262428290774,40.683468695889296],[-74.01193259977079,40.683887749155076],[-74.01092841268031,40.68449147254313],[-74.00860072436832,40.68590956465498],[-74.00851294257347,40.68596254908641],[-74.00842516151923,40.68601553194273],[-74.0081641459391,40.686174717161656],[-74.007981841317,40.686275822096015],[-74.0079344154301,40.686281943481326],[-74.00788712164156,40.68624579479357],[-74.00782695474203,40.68624062883449],[-74.00776833635145,40.68624913667171],[-74.00771707561822,40.68626442901849],[-74.00754474403935,40.68631824409119],[-74.00701988682654,40.68652641719425],[-74.00644146832336,40.6862884902323],[-74.00588224183227,40.6861957683912],[-74.00566680246703,40.68669807883398],[-74.005629863304,40.686784206043804],[-74.0050037331507,40.68760598489845],[-74.00459270521768,40.68821522248419],[-74.0038203891973,40.6889296441969],[-74.0034092162452,40.68961326116028],[-74.00297565436566,40.69042657592089],[-74.00196321992863,40.690136379460924],[-74.00185304524621,40.690387986742],[-74.0009615685494,40.69012876784768],[-74.00069905841879,40.69061185841923],[-74.00132562399813,40.69146310033224],[-74.00196938592107,40.69184320831766],[-74.00181765040732,40.6922219624816],[-74.00181122055704,40.69223801288127],[-74.00179839892095,40.69227001601037],[-74.0017436211104,40.69240674970565],[-74.00154172920259,40.69278596325291],[-74.00127014968672,40.69329606167391],[-74.0009586848302,40.69406908358239],[-74.00078295341704,40.694286515162204],[-74.0007010481117,40.69438785583982],[-74.00026872377788,40.69496580207552],[-73.99988214960378,40.695605199245804],[-73.99959546796508,40.69606503883681],[-73.9994614351467,40.69628002660449],[-73.99941971968092,40.6963469378187],[-73.99941302433207,40.696357676956055],[-73.99952373903514,40.69657482604102],[-73.99947406820606,40.696704134462166],[-73.99929468836194,40.69679512579423],[-73.99918199016862,40.696885188567514],[-73.99899604139195,40.69681227837313],[-73.99893969034687,40.69694094051598],[-73.99887207276453,40.69692378407174],[-73.99876458027705,40.69712073309417],[-73.99887117097656,40.69715757679343],[-73.99837760685772,40.698063296146266],[-73.99802102725111,40.69876173657397],[-73.99799957540132,40.69879768554447],[-73.9974989831,40.69963886932142],[-73.99736745811687,40.69963423442734],[-73.99716054243922,40.69979281264431],[-73.99718148446388,40.699994484465684],[-73.99717584355882,40.70010599196653],[-73.99724462871697,40.70014140989725],[-73.99669768997464,40.70087697691724],[-73.99661736129626,40.70098500803149],[-73.99649829067577,40.70114490752565],[-73.99628992163414,40.70142517603728],[-73.99621639468883,40.70152407316468],[-73.99538448382651,40.70264301006602],[-73.99526015183419,40.70281020953896],[-73.99513826840686,40.70297411472301],[-73.99506438491512,40.70310031365369],[-73.99504592748325,40.70313183979974],[-73.99502134649177,40.70314786924691],[-73.99480038274869,40.70329195814218],[-73.99466290343612,40.70343060805678],[-73.99485765933731,40.70356613902887],[-73.99499542533941,40.70365056321185],[-73.99488239968474,40.70378802583762],[-73.99476934191567,40.70395289495375],[-73.99471424235155,40.70399668855851],[-73.99477158125167,40.70404936037464],[-73.99479231460055,40.70406840513134],[-73.9947923129999,40.70408889470735],[-73.99477286228574,40.70410454169946],[-73.994698074708,40.704164700797484],[-73.99477614353458,40.70424586105254],[-73.9947022906841,40.70429253141116],[-73.99463603474435,40.70433440342875],[-73.99456979016928,40.70437626401669],[-73.99386341031881,40.70455600693061],[-73.99380687248417,40.70453961271173],[-73.99378155426497,40.70446894504654],[-73.99377457207805,40.70444945740894],[-73.99369336129281,40.7044761293406],[-73.99368792224483,40.704477914211736],[-73.99385266076528,40.704829464929304],[-73.99272220924216,40.705543828838046],[-73.99147964687518,40.7056247526486],[-73.99088177376606,40.705124031585484],[-73.98999422729746,40.70516984856314],[-73.98970166233462,40.70515916702903],[-73.98958305342082,40.70515483666911],[-73.98942993422658,40.705149248077404],[-73.98930731978164,40.70514870535651],[-73.98923975577881,40.705147981039104],[-73.98795676557543,40.705134217412734],[-73.98726969367199,40.705175720191875],[-73.98692348455644,40.70516246248601],[-73.98687252217192,40.70515727744364],[-73.9868232284912,40.705146152117095],[-73.9867767915734,40.705129354645344],[-73.98673433062268,40.705107289875265],[-73.98669686901312,40.70508048960394],[-73.9866653096233,40.70504959976105],[-73.9866404130758,40.70501536484055],[-73.9866227794052,40.704978609956946],[-73.98652973012088,40.70497909917395],[-73.98642911608677,40.70506917942819],[-73.98643429892708,40.70534860741984],[-73.9847433000917,40.7055429072672],[-73.98402149848945,40.70559863456487],[-73.98343806287949,40.70564409484805],[-73.98342627543231,40.70557722134966],[-73.98340650330286,40.70546637066061],[-73.98336819944159,40.7054610645742],[-73.98326398738257,40.70548506615822],[-73.98308639158824,40.7054770907024],[-73.98308986565951,40.705511541826034],[-73.9828355220131,40.70555580739825],[-73.98274161886008,40.70557244103028],[-73.98274508124663,40.70555270986957],[-73.9827485936769,40.70553269174225],[-73.9824595687225,40.70550879672295],[-73.98245898641562,40.70554241447],[-73.98237340572007,40.70554335043782],[-73.98232944216603,40.7055520336642],[-73.98092510311987,40.70536925520069],[-73.98090864629846,40.70590794381209],[-73.9807407049497,40.70585515936796],[-73.98022004252581,40.705851076223716],[-73.9802371538147,40.70576328305743],[-73.97955918553285,40.70574361525014],[-73.97955579999753,40.70577021477278],[-73.9793286532596,40.70576543335515],[-73.97927983185282,40.705789481471896],[-73.97927336342906,40.70591713530242],[-73.9792139176997,40.705906639730856],[-73.97918270866988,40.705965214470886],[-73.97905049904129,40.7059669630892],[-73.97896822164267,40.70602083820831],[-73.97888959576669,40.70607621029014],[-73.97873594194512,40.70614378723991],[-73.97861972432412,40.706187981645755],[-73.97851935532452,40.70622413893152],[-73.97841898361335,40.706268335587644],[-73.97547224859575,40.70749241305923],[-73.97502012856013,40.70773587675877],[-73.97426266881374,40.708293382228355],[-73.97278909636387,40.70937792040887],[-73.97232032139824,40.7090828833044],[-73.97031759983989,40.707331762587415],[-73.96962252184912,40.70762758855538],[-73.9698486482356,40.70800304118529],[-73.96988899468916,40.708574872067345],[-73.96994196698674,40.70930205335414],[-73.96961485767477,40.71014774918208],[-73.96960541330377,40.710270843372314],[-73.96968584951003,40.710321731483816],[-73.96999269235585,40.710382050743554],[-73.97000849568286,40.71038561853049],[-73.97002326327953,40.71039119200588],[-73.97003655928361,40.71039860667],[-73.97004799126624,40.7104076436808],[-73.97005722181427,40.71041803631304],[-73.97006397848904,40.71042947783042],[-73.97006806186734,40.71044163053892],[-73.97006935142757,40.71045413575363],[-73.97006780910702,40.710466624385326],[-73.97006348042545,40.71047872783397],[-73.97005649314184,40.710490088868006],[-73.97004705348371,40.71050037216791],[-73.97003544006044,40.71050927422326],[-73.9700219956403,40.71051653229077],[-73.9700071170336,40.7105219321492],[-73.969991243381,40.71052531442217],[-73.96997484319206,40.71052657928215],[-73.96995840051717,40.71052568939689],[-73.96994240066073,40.71052267103125],[-73.9696618647883,40.710499724137215],[-73.96963106127464,40.71065694598809],[-73.96977460856866,40.710686253921374],[-73.96978236022923,40.71070640228695],[-73.96978568143778,40.7107272436679],[-73.96978448292457,40.71074821790153],[-73.9697787968984,40.710768761253895],[-73.96976877618125,40.71078832157155],[-73.96975469010128,40.71080637312208],[-73.9697369172543,40.71082243072453],[-73.9697159353283,40.710836062789994],[-73.96969230826447,40.710846902921844],[-73.96941809313222,40.71093812726228],[-73.96937430020651,40.7110206660632],[-73.96990773093626,40.711268121839005],[-73.96931038510066,40.71110785237903],[-73.96923492997324,40.711240541941166],[-73.96929101618221,40.711270199815274],[-73.96923352739985,40.71143313228658],[-73.96914483225518,40.71145699505016],[-73.9690958002747,40.711563113603425],[-73.96907978657639,40.7116234424769],[-73.96888473220869,40.71217685873095],[-73.96886591557372,40.71223189865541],[-73.96881612079872,40.71225194770672],[-73.9688653757743,40.71227235912427],[-73.96883817664548,40.71238964192912],[-73.96894079301877,40.712418772448125],[-73.968924663432,40.71246342693519],[-73.96890597263099,40.712506776530454],[-73.96889595072828,40.71252831427451],[-73.96887248523575,40.71257874343655],[-73.96884020603514,40.712633248484906],[-73.9688244978786,40.71266061713483],[-73.9688069333312,40.71270862091726],[-73.96878386342081,40.71275652670845],[-73.96873194822179,40.71274056991479],[-73.96872243615427,40.71273764582788],[-73.96871698783333,40.71274694477496],[-73.96866605800044,40.712857192989304],[-73.96854388242609,40.712820701445146],[-73.96849847554336,40.71280690373687],[-73.96846973347043,40.712824709346336],[-73.96847298005662,40.712853427709085],[-73.96844232000483,40.71293843489049],[-73.96855971786024,40.712987310170845],[-73.96850672619549,40.713105471387024],[-73.96884924904168,40.71321254596066],[-73.96839125213918,40.71426191817161],[-73.96800830687327,40.71512072380624],[-73.96765448249167,40.71586910872038],[-73.96736391699497,40.71648367855284],[-73.96724034462171,40.7165878860588],[-73.96725983466467,40.71667097505594],[-73.96710504006269,40.716908393254585],[-73.96725113740355,40.71698666660929],[-73.96674727829412,40.71773776595099],[-73.96659690332694,40.71796798088782],[-73.96656241897496,40.71801586680643],[-73.96655195195892,40.71803845157975],[-73.9665366620753,40.71803435964881],[-73.96652746661586,40.7180318976814],[-73.96651263089429,40.718051613288594],[-73.96631330191009,40.71831654141009],[-73.96621630102892,40.7182643724319],[-73.9661983394035,40.718254711749616],[-73.96614194192269,40.71830361821196],[-73.96575996533477,40.71868903477947],[-73.96574267142833,40.71870687727471],[-73.96552429693033,40.71891934200115],[-73.96511950416225,40.71922689399757],[-73.96517811300168,40.71926709565912],[-73.96523106803473,40.71931160765495],[-73.96527782446579,40.71935997206043],[-73.96531790126527,40.71941169131751],[-73.96535088611866,40.71946623335332],[-73.96537643966869,40.71952303705373],[-73.96539429900726,40.71958151803574],[-73.96540428038085,40.71964107465934],[-73.96540628108174,40.71970109421693],[-73.96540028050552,40.719760959236694],[-73.96538634036392,40.719820053835036],[-73.96537102933335,40.719896859809616],[-73.96534768058338,40.71997248572354],[-73.96531644416858,40.72004644546671],[-73.96527752084597,40.720118263637346],[-73.96523116078511,40.72018747859783],[-73.96517766196057,40.7202536454423],[-73.96511736823715,40.720316338856485],[-73.96503278394155,40.72037706947531],[-73.96447946289182,40.72003618775338],[-73.96438190889278,40.72013942466061],[-73.964333597368,40.72020831917803],[-73.96444754919679,40.720276973403635],[-73.96433475464138,40.720386538408846],[-73.96439735661679,40.72044183392412],[-73.96436107956328,40.720477239877326],[-73.96427462497299,40.720575767091496],[-73.96424069706518,40.72061223049417],[-73.96420193098578,40.72065389425717],[-73.96406591310317,40.720799910962775],[-73.96402617524582,40.72088089306892],[-73.9639979372449,40.72093843757035],[-73.96355958424277,40.72153948696601],[-73.96353855414516,40.721573378514535],[-73.96343759552926,40.721559095162505],[-73.96341522820944,40.721581627445474],[-73.96296566403045,40.722034476620486],[-73.96275665488727,40.72239901512647],[-73.96225346320189,40.72353229754641],[-73.96223504964354,40.72357025876282],[-73.96207271943857,40.72388030090569],[-73.96200744865104,40.723991901105606],[-73.96190256180009,40.72409829048131],[-73.96189426778245,40.72410670210149],[-73.96165984301376,40.72486045396065],[-73.96211461566836,40.72514806339908],[-73.9619023964313,40.72532050081128],[-73.96176070350782,40.72522879211093],[-73.96161518901998,40.72586556307444],[-73.96165280828099,40.726203926231264],[-73.96161717029824,40.72666142199142],[-73.96149920105312,40.726751091125436],[-73.9614182688696,40.72735617970509],[-73.96114159312467,40.728103725404736],[-73.9610168813666,40.72870444010192],[-73.9611509325364,40.729536204770845],[-73.96128262008239,40.73006102450791],[-73.96128450788372,40.730159062204386],[-73.96130143673088,40.730252942924885],[-73.96142843697963,40.73094639210781],[-73.9616744677247,40.73148125355291],[-73.9616984824577,40.73153234089239],[-73.96171289480758,40.73156611384529],[-73.96175495708391,40.73166467816548],[-73.96203458498626,40.73238037004254],[-73.96226340489365,40.732915551623904],[-73.96230391870584,40.73311366047979],[-73.9623406226022,40.73338922613068],[-73.9623083769676,40.73353232426398],[-73.96233177722982,40.733623023567866],[-73.96232850324637,40.73375434133018],[-73.96244683186843,40.735655444345035],[-73.96247584060224,40.736800798097434],[-73.9570598777079,40.739166594435055],[-73.95511821216857,40.739396187801454],[-73.95392212308914,40.73942834054968],[-73.95274851176016,40.739262490503734],[-73.95270993920698,40.739260222279064],[-73.95267129794118,40.73925795016013],[-73.95260236720874,40.73924641358671],[-73.95254005862446,40.73922826106881],[-73.95245443077786,40.73920471308654],[-73.95075119228991,40.738694976415786],[-73.95044067998356,40.73859661561354],[-73.94680755125245,40.7374456691277],[-73.94216327264331,40.73567823654234],[-73.9403681651746,40.733269388761954],[-73.94031451311628,40.733217498268296],[-73.94026756090614,40.73288021149815],[-73.93966003960504,40.73148681456072],[-73.93752479628304,40.72981523246476],[-73.93442537989591,40.728817789443305],[-73.93182484632952,40.728482073154524],[-73.92926341767229,40.72779354948576],[-73.92921295018954,40.72777998231569],[-73.92913994128578,40.727744543210186],[-73.9290837094531,40.727716417215206],[-73.92901607413788,40.72765197845077],[-73.92895219965253,40.72759112033653],[-73.92889300860104,40.72753472564412],[-73.92882562818131,40.727470527994306],[-73.92780120581342,40.72649447638907],[-73.92722485839732,40.7253327978587]]]],"type":"MultiPolygon"},"properties":{"borocode":"3","boroname":"Brooklyn","shape_area":"2697660838.75","shape_leng":"236476.769178"},"type":"Feature"},{"geometry":{"coordinates":[[[[-73.77895751354573,40.81171319220873],[-73.76371207931564,40.79380306427369],[-73.75710329156226,40.789692097953655],[-73.75081839451566,40.78288740566472],[-73.75020024946947,40.782534341953514],[-73.7467245715036,40.78030652579986],[-73.74559224340433,40.779580678768696],[-73.7450024879486,40.779198974604995],[-73.74461376070957,40.778947376109635],[-73.7442928977755,40.77874726192362],[-73.74404091457224,40.778590104782516],[-73.74344992332192,40.77824115291518],[-73.74151969457264,40.777102244924016],[-73.74075991555428,40.7766947105001],[-73.7403662941908,40.77638970444967],[-73.74007973971888,40.77620879539649],[-73.73937598820744,40.77601366966856],[-73.73912362003719,40.7757041430729],[-73.7388622736383,40.775573157901455],[-73.73770283622301,40.77479358573251],[-73.73688222986335,40.774330960840686],[-73.73389261591328,40.77252717875948],[-73.7330421577955,40.771954434366315],[-73.73205865644933,40.77130214220893],[-73.73128738643645,40.77081511447924],[-73.73048834673939,40.77034568675366],[-73.72954341946242,40.76976687030758],[-73.72893318870014,40.76937963280297],[-73.72794281408258,40.768779030122865],[-73.72685941273382,40.768085063331384],[-73.7258254369014,40.767464625023024],[-73.72378862670342,40.76623911773702],[-73.72293103953132,40.76568429565561],[-73.72233090826661,40.76531497742327],[-73.72153324679667,40.76482318958633],[-73.72097588368393,40.7647601587848],[-73.72080904855335,40.764647715838336],[-73.7207522264702,40.76458735214626],[-73.72071269834466,40.764532190001916],[-73.72063083098749,40.76447640350568],[-73.72021435717203,40.7641926055929],[-73.71657585318302,40.76178181152401],[-73.71413537952441,40.76024270973905],[-73.71386982696174,40.76006061549626],[-73.71365557013414,40.759935570889326],[-73.71351828172088,40.75983773083263],[-73.71332542144886,40.7597301895716],[-73.71244940730718,40.759241704218795],[-73.71085768998324,40.75819506464098],[-73.71054499726542,40.75799103432508],[-73.70782538631595,40.756216404324526],[-73.70527128316661,40.75477044095129],[-73.70346781916358,40.75368336303558],[-73.70273495703732,40.75325051681007],[-73.70217841679892,40.75288593949752],[-73.70169386961527,40.75253685504678],[-73.70163345892384,40.752493329190486],[-73.70162212271006,40.75242551789307],[-73.701347159168,40.75078058087181],[-73.70117316548915,40.748924301621365],[-73.70090127413575,40.74712854357814],[-73.70089340027842,40.74705726562533],[-73.70077960806647,40.74504145380032],[-73.70058164037455,40.74318384158865],[-73.70029222241429,40.74101060201284],[-73.70002140396639,40.739404166177415],[-73.70000906387347,40.739323412660944],[-73.70002020503291,40.73923654173212],[-73.70031835176928,40.73896808258171],[-73.70081147162335,40.738439152389795],[-73.70147073038119,40.73751156096427],[-73.70206036356689,40.73644275666602],[-73.70228084265764,40.73612579661876],[-73.70268794525971,40.73549022228653],[-73.70331490886622,40.734563256881906],[-73.70352249022645,40.73420794480355],[-73.70394463077419,40.73352626221545],[-73.70460114351185,40.73256974742794],[-73.70499536266581,40.73197055752244],[-73.70522165762334,40.731619630204804],[-73.70584734754668,40.7306728544],[-73.70648028266018,40.729711298728084],[-73.70709970142543,40.728747714553684],[-73.70766217239931,40.727830934507935],[-73.70856949081914,40.72763641792368],[-73.71043109574441,40.72724106146708],[-73.71049995362073,40.72722708741339],[-73.71056285616496,40.72721887134834],[-73.714103911684,40.726756335402435],[-73.71496944876067,40.726646609867494],[-73.7158750873345,40.72654243886009],[-73.7169328805703,40.726386415555616],[-73.71828706778764,40.72604111076803],[-73.72038627250677,40.72547455438233],[-73.72119265711754,40.725266546390934],[-73.72179658853722,40.72508603544036],[-73.72204637360309,40.72501961143908],[-73.72257879305457,40.72487767553388],[-73.72291170306696,40.72479394646632],[-73.72295712068639,40.72478244810872],[-73.72296233442388,40.72478112780454],[-73.72315163463553,40.724733207035264],[-73.7234275409418,40.72466335090138],[-73.72419675472065,40.72445460186071],[-73.72446654732678,40.72438137938462],[-73.72454972782059,40.7243602637137],[-73.7246342245525,40.72433644840901],[-73.72471792487218,40.72431260450139],[-73.72476424417694,40.72429802792894],[-73.72481053899416,40.72428340403658],[-73.72490160983834,40.724254476062924],[-73.7250848905808,40.72419561309855],[-73.72567196959442,40.72403765899333],[-73.72647559454742,40.723752496388116],[-73.72732826518165,40.72341196273895],[-73.72797157452256,40.72315911649544],[-73.72816233921418,40.72308413978295],[-73.72838891404008,40.723021422813616],[-73.72861253778854,40.72295284897356],[-73.72883294897728,40.722878498448644],[-73.72904989021718,40.722798457862034],[-73.72926310749712,40.722712821115834],[-73.72947235151142,40.722621688347104],[-73.72965186962801,40.72253485764389],[-73.72975788452315,40.72248357940946],[-73.7300483083672,40.72232591485171],[-73.73032628902038,40.72215729678346],[-73.7303013204473,40.72209451698996],[-73.72966103127041,40.72048138422384],[-73.72924189859789,40.719345459601236],[-73.72917629515445,40.7191672145619],[-73.72883757452362,40.717933019013465],[-73.72856951532239,40.71695629277033],[-73.72855295495381,40.71689594610766],[-73.72852236530296,40.71678448063811],[-73.72850152454309,40.71670554572323],[-73.72736801316,40.712411131623035],[-73.72735961842861,40.712388940612385],[-73.72718876295177,40.71169261768821],[-73.72698520211982,40.71077631165398],[-73.72697146717219,40.71071450352947],[-73.72696515590698,40.710660709616356],[-73.72690004188742,40.70999683099999],[-73.72689487481324,40.709978573619544],[-73.72704696552918,40.70949875281068],[-73.726961356927,40.70754908709649],[-73.72689497725982,40.70580017260442],[-73.72683525361235,40.704405699647396],[-73.72677759533916,40.703059291399065],[-73.72672841221141,40.702145735755636],[-73.72678961229367,40.70194545186659],[-73.72671302593098,40.701446632111555],[-73.7266540915036,40.70111265839027],[-73.72654435058581,40.69898264016624],[-73.72652452220491,40.69825809187225],[-73.72651147522276,40.697781192132155],[-73.72650269230223,40.69688607406993],[-73.72626254348815,40.690773253170136],[-73.72625831315968,40.69061086232333],[-73.72625886521544,40.690268927897904],[-73.72620259676737,40.68898434080928],[-73.72617495100407,40.68865003011012],[-73.72616338318788,40.688453617698464],[-73.72599616341513,40.68693205428977],[-73.7259409855958,40.68639910536157],[-73.72593196243002,40.68631194081726],[-73.7259263563945,40.686225207754134],[-73.72579787942314,40.68435384982523],[-73.72580147959624,40.68428378027207],[-73.72586264116339,40.683241080946495],[-73.72590660060679,40.68265660462423],[-73.72582367665031,40.68163575061304],[-73.72579858919681,40.6813866926251],[-73.7257541912711,40.680945913592176],[-73.72568736826791,40.6802504548632],[-73.725630051199,40.67958795078154],[-73.72584106190583,40.67875212635903],[-73.72601116089378,40.67807833782938],[-73.72619464931579,40.67738559066837],[-73.7262401352909,40.67722107945903],[-73.72629437184834,40.677058112803856],[-73.72635726938027,40.67689696040465],[-73.726428723535,40.67673788891513],[-73.72654317319761,40.67648672911802],[-73.72671402999656,40.67608946199253],[-73.7269938317178,40.67543887036368],[-73.7271413426991,40.675095875343665],[-73.72744080458705,40.67442874135105],[-73.7275335842069,40.67421386361671],[-73.72755616356653,40.67416158768915],[-73.72753500302508,40.673930284292574],[-73.7277905018081,40.67148951396299],[-73.72788358626994,40.670796436623874],[-73.72792572850256,40.670097148020325],[-73.72799989246542,40.66940504464146],[-73.72817255589534,40.66871742883623],[-73.72824131211614,40.66802409699917],[-73.72822217040842,40.66731363905481],[-73.72826620785708,40.66660628634426],[-73.72827272254973,40.666429592083816],[-73.72821911958363,40.665914584453375],[-73.72814252038626,40.66551437427647],[-73.72811351396625,40.66534531443702],[-73.72785787219546,40.66506796968168],[-73.72787486760183,40.66469513221661],[-73.72780900717227,40.6646140933383],[-73.7277702925469,40.6640643984196],[-73.7278335238588,40.663976437444795],[-73.72781392327441,40.663223969476654],[-73.72781750950094,40.66311678297947],[-73.72833071875961,40.66304394373133],[-73.7281528165782,40.662454142505815],[-73.72804607970852,40.66239899654552],[-73.72793124411697,40.661748834602456],[-73.72759175840099,40.661094488237055],[-73.72720801965438,40.6604223206932],[-73.72680978650396,40.65979485612973],[-73.72644438674452,40.65916161492136],[-73.72621139902986,40.65847881689725],[-73.7260287597789,40.657998998873175],[-73.72592687675204,40.65773131935148],[-73.72566237306238,40.65699034309344],[-73.72556769770618,40.65672514257895],[-73.72554976612645,40.65639229281416],[-73.72550259072494,40.65551651557244],[-73.72498470713035,40.65425343490158],[-73.72505569053573,40.653507893640494],[-73.72509934582095,40.65234574831195],[-73.72522608107016,40.652001000147635],[-73.72649790179555,40.65166351440037],[-73.73028652972182,40.650368522674576],[-73.7305145730104,40.650310312006646],[-73.732072630971,40.65008747422038],[-73.73398259880899,40.64985220929774],[-73.73513501472506,40.64973203996443],[-73.73673508636625,40.649099816497596],[-73.73904482131434,40.6482011803446],[-73.74143706042345,40.64688917832163],[-73.74143890966342,40.646344843416436],[-73.74143979626777,40.64608557627337],[-73.74144760108757,40.64594171768809],[-73.74146811267002,40.64556352656819],[-73.74148523672568,40.645247833246216],[-73.74162258209032,40.642716027427014],[-73.74166141317534,40.6421980621826],[-73.74205084952769,40.64147420452586],[-73.74142279314964,40.640503390753494],[-73.74227387226114,40.64012338094907],[-73.74125900067578,40.63889749943519],[-73.74033103329371,40.637260300957834],[-73.73955759631794,40.63586253426113],[-73.73947121626986,40.635706431326994],[-73.73986921326058,40.63524791272239],[-73.73995957570577,40.635143809373496],[-73.74000496483427,40.63513832893313],[-73.74080176352695,40.63498604749393],[-73.74109508063712,40.634930885222765],[-73.7416777867188,40.63483817871748],[-73.74223694410644,40.634851185570106],[-73.74265042535217,40.63504535070681],[-73.7426732818332,40.63540765488076],[-73.74262901021764,40.635537234991496],[-73.7425799459836,40.63564827897089],[-73.7425310531288,40.63571486155397],[-73.74208083275028,40.6363811149849],[-73.74127026996344,40.63725707026523],[-73.74118698440039,40.6374124985519],[-73.74120088567635,40.637590375840674],[-73.74150142862928,40.637850410538384],[-73.74236137351252,40.638093174621375],[-73.74329499308526,40.63804772338944],[-73.7441765741354,40.6373563721811],[-73.74602227992737,40.63521220206621],[-73.7480011727666,40.634630964145515],[-73.76745253300665,40.62655451861576],[-73.76746717645287,40.626529099532156],[-73.76748256108574,40.62650393675769],[-73.7674986802727,40.6264790404979],[-73.76751552187548,40.626454423460196],[-73.76772115376569,40.62619061594038],[-73.76775768004495,40.626113343473286],[-73.76777226548654,40.62601239885014],[-73.76777231403112,40.62599617222952],[-73.76776906199305,40.625958589345245],[-73.76776911648064,40.62594065494304],[-73.76777364707145,40.62592529110497],[-73.76777702988433,40.6259184639159],[-73.7677815336205,40.6259116389908],[-73.76785103351638,40.62582695458201],[-73.76793346877702,40.625726586685815],[-73.76814178021641,40.62546307028505],[-73.76815415952875,40.62544942904834],[-73.76816878319774,40.62543493743407],[-73.76823286359749,40.62538296251196],[-73.76825648322348,40.62536080193996],[-73.76826773773408,40.62534801248793],[-73.76827675063335,40.625335218014165],[-73.76828239759841,40.62532327182515],[-73.76828692639795,40.62531046781014],[-73.7682903815059,40.62528399559656],[-73.76829278961037,40.625236167486484],[-73.768293978947,40.6252165235558],[-73.76830091517203,40.625155891763264],[-73.76830546174264,40.62513796423474],[-73.76831112033018,40.62512260030238],[-73.76832578309522,40.625097005072526],[-73.76834605566506,40.62506971368587],[-73.76836632086768,40.62504498380366],[-73.76841808468576,40.624988712634334],[-73.7684417210102,40.62496142750372],[-73.76845860816938,40.62494096062042],[-73.76850023998956,40.624896628086496],[-73.76851422643831,40.62487967866263],[-73.76856340751881,40.62480123575536],[-73.768604087208,40.624732718412396],[-73.76861714896998,40.62466282802326],[-73.76862359431985,40.62458532183668],[-73.76862177083066,40.62457367689062],[-73.76862069531843,40.62456197699251],[-73.76862036987923,40.62455025163175],[-73.76862079683777,40.62453852778523],[-73.76863549895909,40.62449292968389],[-73.7686579309802,40.62444919705281],[-73.76868770452849,40.62440808702006],[-73.76872430413273,40.62437031130821],[-73.76873772483418,40.624365678971756],[-73.76875001931505,40.62435949253945],[-73.76876088012156,40.624351906718424],[-73.76877003565285,40.62434311121093],[-73.76877725695294,40.624333325970404],[-73.76878236343633,40.62432279570084],[-73.76878522740391,40.62431178373745],[-73.76878577723629,40.62430056546121],[-73.76878399918478,40.62428942141233],[-73.76878110264758,40.624222702066106],[-73.76877796228331,40.62421377127672],[-73.76877666982784,40.62420457809437],[-73.76877725629465,40.62419534312231],[-73.76877970760992,40.62418628796636],[-73.7687839649502,40.62417762991744],[-73.76878992615418,40.62416957673713],[-73.76879744817414,40.624162321672365],[-73.76880635050861,40.62415603881821],[-73.76881633645186,40.62414308784414],[-73.76882362605328,40.62412913182147],[-73.76882805030782,40.6241144943155],[-73.76882950664269,40.62409951469133],[-73.76882796129533,40.624084540245676],[-73.76882345009602,40.62406991815496],[-73.76881607763687,40.62405598742624],[-73.76880882642641,40.624041694825145],[-73.76880487568785,40.62402667008743],[-73.76880434084515,40.624011352181235],[-73.76880723752213,40.62399618863974],[-73.76881348108623,40.623981622485815],[-73.76882288912152,40.62396807928862],[-73.76883518675834,40.623955954730086],[-73.7688384171906,40.62395220632977],[-73.76884079431946,40.62394810407873],[-73.76884225337295,40.62394375975525],[-73.76884275459493,40.623939291733635],[-73.76884228432824,40.623934821758645],[-73.76884085538696,40.62393047162832],[-73.76883850670707,40.62392635987506],[-73.7688353022856,40.623922598536],[-73.76875748161079,40.62381998847504],[-73.7687529170677,40.623808354278864],[-73.76875103443373,40.62379629638083],[-73.76875188931558,40.62378417093999],[-73.7687554564608,40.62377233611023],[-73.76876163050385,40.62376114146138],[-73.76877022907856,40.62375091765382],[-73.76866759925666,40.623588691740785],[-73.76863983633933,40.62347903433777],[-73.76864312846956,40.62343138791745],[-73.76861015666687,40.62337336968287],[-73.76858406057987,40.62331335381282],[-73.76856504542656,40.62325181231153],[-73.76855326073446,40.623189229180475],[-73.7675712030193,40.62147739562556],[-73.76745926950719,40.620511321560144],[-73.76671931113412,40.6150042311452],[-73.76542355366082,40.61502581377405],[-73.76524406133208,40.61494226660959],[-73.76467674954482,40.61454526256433],[-73.76349692824148,40.613719901875506],[-73.76208449873599,40.612731772752376],[-73.76002143380506,40.6113489972166],[-73.75933356938746,40.61125761508049],[-73.75730460922652,40.611007199227274],[-73.75522662131263,40.610599854337956],[-73.75473219572571,40.61040524167861],[-73.75345836197005,40.61051986240633],[-73.75008771076791,40.61164055382737],[-73.74912000680247,40.611794326543894],[-73.74821585882674,40.61201107758965],[-73.74799307317252,40.61231015796798],[-73.74761418929185,40.61199801088504],[-73.74721567885197,40.61217883865087],[-73.74692096474179,40.61172649941721],[-73.74685539024546,40.611574099557224],[-73.7457615017887,40.61199165424632],[-73.74562112512469,40.611742492454454],[-73.74536751712566,40.61120355210052],[-73.74456658067479,40.610117452937665],[-73.74386981848707,40.608892484481295],[-73.74337071013805,40.60816234234505],[-73.74310894573966,40.60771599600139],[-73.74332493333937,40.60753686992238],[-73.74339731588086,40.60747217106825],[-73.74314655214754,40.60725986559343],[-73.74121366918371,40.605518920331285],[-73.7402913897634,40.60459823177859],[-73.73920739803121,40.60404014330137],[-73.73840394387886,40.60312113528079],[-73.73839438422605,40.60280257128787],[-73.73822597794165,40.602566027211566],[-73.7382621923228,40.60159949830828],[-73.73836459857021,40.598452853340255],[-73.73836961072325,40.598339345478884],[-73.73836603059824,40.59822633069623],[-73.73836504601223,40.59819142879068],[-73.73836154696276,40.59814096399746],[-73.73835517194122,40.59801872853612],[-73.73835617702467,40.59760047780474],[-73.73838360401186,40.597117408563925],[-73.73841065318742,40.59683821918492],[-73.73841231100083,40.59592350494847],[-73.73805163626737,40.59473345300186],[-73.73803231026082,40.59467797679678],[-73.73798981846915,40.59455604324518],[-73.73741188702402,40.5930639582921],[-73.73845769146803,40.59304910701712],[-73.73918526464023,40.593026024559244],[-73.74123820796186,40.592960864098245],[-73.74236945956694,40.59292463497163],[-73.74337481950798,40.59285161136432],[-73.74446706624376,40.5928988836594],[-73.74777892766768,40.59152951169059],[-73.74923765521498,40.59040272922852],[-73.7509812187964,40.589045023286914],[-73.75238129161235,40.58795836388122],[-73.75518904700121,40.585601021895435],[-73.7554487321978,40.583072653161615],[-73.75701065826807,40.5678612682621],[-73.75811876174137,40.55553917160044],[-73.76721662291868,40.53795221549615],[-73.7687651743245,40.53377408844262],[-73.77298640885148,40.533415275809006],[-73.77700416285296,40.53307401519219],[-73.78383383892299,40.532488221612766],[-73.79290971144329,40.53047121189435],[-73.8043049165832,40.52791908964169],[-73.80687636415205,40.52742615522027],[-73.80838979779739,40.52703339915208],[-73.80938851406185,40.526774205419315],[-73.81411047264564,40.52571833510167],[-73.82572710068743,40.52311354554205],[-73.8330763954792,40.52031153928001],[-73.84396857500627,40.51612783324239],[-73.85455859092212,40.51206094452634],[-73.86963021801297,40.50282497658704],[-73.87674998886737,40.501174514127996],[-73.88226208830133,40.4948262811453],[-73.88660721285216,40.48982100606426],[-73.94991533196081,40.52553802809666],[-73.9524792506842,40.52507962501757],[-73.95912926345159,40.52389945455184],[-73.99154780436164,40.51819693838237],[-74.01337300629076,40.51435862198995],[-74.01472524262427,40.5141211580916],[-74.04216496133071,40.50930505904619],[-74.03810591062908,40.53829766799838],[-74.03751505275191,40.54278200892535],[-74.03637295003935,40.551012051174126],[-74.02501649923319,40.552826629661425],[-74.02366022634378,40.55305588300098],[-73.99708582402207,40.55725868966425],[-73.95928127087066,40.56307888683862],[-73.95166001758973,40.56428088873385],[-73.95068256276457,40.56442614616101],[-73.94379310076174,40.56549421638973],[-73.93650796259439,40.56642950174502],[-73.92805205018718,40.56776832770495],[-73.92621455510998,40.56808167144724],[-73.92040677354174,40.56897938003505],[-73.91846539916483,40.569291275522346],[-73.91336523304587,40.57007858007095],[-73.90878996095361,40.57079936251175],[-73.9038710598749,40.571618737022234],[-73.8905153322192,40.572707199164995],[-73.88629181110531,40.573503693195995],[-73.88519092035648,40.57371995126501],[-73.88512900113692,40.57373434634124],[-73.88508290338373,40.573743683575266],[-73.88503643111778,40.57375092244162],[-73.87923424879816,40.57467567900094],[-73.87141844069487,40.578535278416346],[-73.86923200001975,40.57934200022259],[-73.86737333502754,40.580301995402756],[-73.86600041528473,40.58098954219931],[-73.85948722188797,40.583936943930944],[-73.85493753105587,40.58597967628349],[-73.85352199962543,40.58659200035184],[-73.84985226311667,40.58866933501714],[-73.84738575168794,40.59202817565813],[-73.84667899480304,40.593209082997994],[-73.84440774157362,40.595888288164815],[-73.84195659799191,40.59837691494871],[-73.83573587587433,40.60579318845258],[-73.83446265686187,40.607192532943515],[-73.83437386568247,40.60785151341824],[-73.83430323028723,40.609150897651794],[-73.83401888200446,40.614381166420785],[-73.83395266471729,40.615757833498975],[-73.83380776614784,40.61877010156333],[-73.8337015227225,40.62097860134445],[-73.8336821495259,40.6213813056866],[-73.83362242002327,40.622602638829676],[-73.83357550708051,40.6235979172804],[-73.83355923946546,40.6239360339985],[-73.8331993952631,40.62677938539602],[-73.83304100907765,40.62826127106071],[-73.83618790232167,40.63106681115582],[-73.83765174362406,40.632839732956214],[-73.84833830902343,40.643520831985256],[-73.85449975709352,40.64312927817668],[-73.85502033268413,40.64309618131569],[-73.8551012473195,40.64353391023701],[-73.85614826788904,40.64919764437254],[-73.85664852010194,40.64970068743052],[-73.85722330984474,40.65027867003899],[-73.85902154958957,40.65266017586469],[-73.85991265091621,40.65384023727846],[-73.86001322891096,40.65397342535965],[-73.8604959578886,40.654558824478926],[-73.86054077882585,40.65462399610808],[-73.86057836136494,40.65467532914275],[-73.86061323156355,40.65471947073786],[-73.86086853825005,40.65507780573743],[-73.86098917354016,40.65520976660278],[-73.86216345826713,40.65684662437178],[-73.86243848505259,40.65725751293975],[-73.86269778299636,40.657618308509974],[-73.86317083340404,40.65827651294904],[-73.86174759025212,40.65893835651107],[-73.861188755476,40.65925462538664],[-73.8603049463005,40.659634655304906],[-73.85938691847052,40.6597727148796],[-73.85851436393638,40.65989894246878],[-73.8576153718558,40.66011893315399],[-73.85793640978068,40.66137443662229],[-73.85802504298093,40.6617210500927],[-73.85811779269261,40.66203657079248],[-73.8584295085741,40.66345336042945],[-73.85753563345148,40.66359786251401],[-73.85659075119855,40.66374715959931],[-73.85611710208975,40.66380840213475],[-73.85568461221143,40.663867492373114],[-73.85611740295845,40.665509379604664],[-73.85618809660164,40.66584655462705],[-73.85646311943079,40.66704176338912],[-73.85667995639197,40.66792415867344],[-73.85670509160359,40.66802643910209],[-73.85684676228357,40.668602935333155],[-73.85722693630252,40.67009621213316],[-73.85724675781903,40.670174051179565],[-73.85726744668754,40.67025529379323],[-73.85728486683188,40.67032198940243],[-73.85730947805156,40.67041623286323],[-73.85763323174372,40.67165619403902],[-73.85855466688884,40.671518146103146],[-73.85947416458082,40.67138053153496],[-73.86038519920734,40.67125171099068],[-73.86077512857486,40.6728056222393],[-73.86107192565137,40.67401981389552],[-73.86114396102506,40.67433014745016],[-73.8613186364857,40.67502126881637],[-73.86139775932799,40.67533658998087],[-73.86171238717559,40.6766105959753],[-73.86202843089828,40.6778861140329],[-73.8622594308932,40.67881678565394],[-73.86234580535127,40.679164785644474],[-73.86286742479798,40.67912212064116],[-73.86328297030434,40.679079370673605],[-73.8633096424803,40.679167969161284],[-73.86334943593147,40.67935164038733],[-73.86378674469518,40.681113747024504],[-73.86398968858057,40.68192956266774],[-73.86410096679134,40.68237285029281],[-73.86456494365255,40.68224614907192],[-73.86499404523258,40.6821289698999],[-73.86601993220731,40.681919587028176],[-73.86627174135589,40.6830340683551],[-73.8662900301626,40.683115007207775],[-73.866302638536,40.68318669410056],[-73.86631496942952,40.68324894282336],[-73.86650407890508,40.684474051762365],[-73.8665984834927,40.685269559070086],[-73.86687058632367,40.68633059062493],[-73.86701802992214,40.68683034853405],[-73.86728057407132,40.68774928460123],[-73.86745694077649,40.688400441156766],[-73.86752749823646,40.68871618273903],[-73.86762340412545,40.68914534184562],[-73.86776832168447,40.68980328887615],[-73.86790948512783,40.690476261267015],[-73.86797688110153,40.690795583781664],[-73.86805885286167,40.691183957736946],[-73.86859478104992,40.69388437469202],[-73.86868454370578,40.6940346919058],[-73.86840519015212,40.69473118624479],[-73.8689176275688,40.69514656101239],[-73.87004292899886,40.6949414841502],[-73.87402053306798,40.694191294715765],[-73.87939315108166,40.69120963169446],[-73.879506412209,40.691146768843346],[-73.8795613942397,40.69110478082617],[-73.88117469097543,40.6898725878354],[-73.88226665508793,40.68903855115103],[-73.88377698649366,40.68786341068253],[-73.88452250957424,40.686684749095754],[-73.88728392925601,40.685622475450096],[-73.88808341842629,40.68529363166867],[-73.88829811172322,40.68515419321358],[-73.88908895286676,40.68464055300135],[-73.88962787578853,40.68423645375051],[-73.89015418738836,40.685003990307884],[-73.89063086790067,40.684700178048246],[-73.89166010725289,40.68404417791015],[-73.89258303168421,40.683491910385385],[-73.8927414244319,40.683670185663416],[-73.89344031315676,40.68445679003239],[-73.89398568665801,40.685070594710545],[-73.89404098849295,40.68513283460123],[-73.89414255551809,40.68524714627255],[-73.8941746326718,40.68528324817077],[-73.89491067454153,40.684508486333826],[-73.89504926903314,40.68436259853663],[-73.89530504948851,40.6840805195653],[-73.89554859504649,40.68379189231634],[-73.895614765645,40.68370742156887],[-73.89577945503007,40.68349718335825],[-73.89599727382132,40.68319687877809],[-73.89620169623458,40.682891482252195],[-73.89628634753659,40.68275838258801],[-73.89635898903512,40.68262086673396],[-73.89636799095423,40.682599757134305],[-73.89641909073782,40.68247987574135],[-73.89643010411488,40.68244635933586],[-73.89646625129005,40.6823364219735],[-73.89652644236399,40.68240329924178],[-73.90116155060393,40.68787793535575],[-73.90042465047141,40.688183898373865],[-73.90188776254891,40.691077720073444],[-73.9013984066204,40.69158999203796],[-73.9014395860777,40.69161210526284],[-73.90155390304945,40.69167985843165],[-73.90176096674973,40.6918073103901],[-73.90207277431011,40.69199923130491],[-73.90278824707006,40.69241833920624],[-73.90354057071892,40.69284878179609],[-73.90386600541092,40.69303571222961],[-73.90428792777072,40.69327806824532],[-73.90504295361606,40.69370400625834],[-73.9057959707531,40.694127155011714],[-73.90491424259831,40.69507357133107],[-73.90480435382129,40.69514816908227],[-73.9042601841169,40.69570037144337],[-73.90466384753614,40.69593224703033],[-73.90500484834396,40.69611874628401],[-73.90540127730306,40.69635030638624],[-73.90576535954321,40.69654855562754],[-73.90611626069254,40.696750557132155],[-73.90652350712153,40.69697614411984],[-73.90684583526584,40.69716354931234],[-73.90727452392139,40.69739919022613],[-73.9075698522662,40.69757174997126],[-73.90802249245729,40.69782540863499],[-73.90877366102967,40.69825522669458],[-73.9095327320459,40.69867510512615],[-73.91106925939418,40.69956349728936],[-73.91180682191074,40.699946882523946],[-73.91067882737421,40.70104596906428],[-73.91142242657371,40.70148658801689],[-73.91216169804008,40.70192316460578],[-73.91290404121959,40.70236189129684],[-73.91180710069435,40.703434952026804],[-73.91254913842347,40.7038734198361],[-73.91329162431975,40.704312638547336],[-73.9140309753655,40.70474911303572],[-73.91477063847702,40.70518943727273],[-73.91551250506066,40.70562644465369],[-73.91589738629857,40.70585481662766],[-73.91625252031217,40.70606554297972],[-73.91660892379083,40.70627549467023],[-73.91664948178584,40.706299388125096],[-73.91699506801969,40.706502964578284],[-73.91736520321216,40.70672246900852],[-73.91773662905575,40.7069427389296],[-73.91808167671857,40.70714732960879],[-73.91810299645118,40.70715996945832],[-73.91847670933089,40.70738156323966],[-73.91884342506178,40.707597998401575],[-73.91922162669334,40.70781513434556],[-73.91956473351316,40.70802397890007],[-73.91995952930917,40.708257288021265],[-73.92070065918877,40.70869463012412],[-73.92143476038935,40.709128765706865],[-73.92189184698753,40.70939609620843],[-73.92074853115804,40.710533648958915],[-73.92112020108577,40.71073540731277],[-73.92122073526369,40.710790558556624],[-73.92154601695684,40.71104328353501],[-73.92181880372863,40.71178206744772],[-73.92223466477681,40.71285595386052],[-73.923139363493,40.713394728593684],[-73.92404011334023,40.71400831262909],[-73.9240590973705,40.71411155964509],[-73.9243268715038,40.715568194927314],[-73.92273875723602,40.71615785672447],[-73.92271117629188,40.71647759153882],[-73.92283177836151,40.716636030802505],[-73.92312683417494,40.71702366070955],[-73.92427812427114,40.71853611888981],[-73.92417994181544,40.720019995821225],[-73.92534378298296,40.72163798246615],[-73.92653850981335,40.724065200862114],[-73.92722485839732,40.7253327978587],[-73.92780120515282,40.726494476388666],[-73.92882562818131,40.727470527994306],[-73.92889300860104,40.72753472564412],[-73.92895219965253,40.72759112033653],[-73.92901607413788,40.72765197845077],[-73.9290837094531,40.727716417215206],[-73.92913994128631,40.72774454270761],[-73.92921295018954,40.72777998231569],[-73.929263417673,40.72779354881565],[-73.93182484632952,40.728482073154524],[-73.93442537989591,40.728817789443305],[-73.93752479628304,40.72981523246476],[-73.93966003960504,40.73148681456072],[-73.94026756090614,40.73288021149815],[-73.94031451311628,40.733217498268296],[-73.94036816451391,40.73326938876162],[-73.94216327264375,40.73567823603975],[-73.94680755125286,40.73744566862513],[-73.95044067998356,40.73859661561354],[-73.95075119228991,40.738694976415786],[-73.95245443077786,40.73920471308654],[-73.95254005862446,40.73922826106881],[-73.95260236720874,40.73924641358671],[-73.95267129794118,40.73925795016013],[-73.95270993920698,40.739260222279064],[-73.95274851176016,40.739262490503734],[-73.95392212308948,40.739428340047105],[-73.95511821150781,40.739396187801205],[-73.95705987770823,40.739166593932495],[-73.96247584060224,40.736800798097434],[-73.96260819816908,40.73879553905696],[-73.96262015898662,40.73903266212623],[-73.96243079071367,40.73967148008313],[-73.96220916557884,40.740006174995884],[-73.96179048329167,40.740013130417246],[-73.96153655773276,40.74015982360487],[-73.96143157483469,40.74029669069479],[-73.96141027195469,40.740323621628306],[-73.9612851752419,40.74034928438415],[-73.96124698011548,40.74042359661296],[-73.96124682285499,40.740424731216],[-73.9612610793983,40.74044679454154],[-73.96131588369362,40.740470639062615],[-73.96150536577223,40.74053026738233],[-73.96171990260376,40.740599434293905],[-73.96182638976718,40.74063163419458],[-73.96193750086432,40.74079487881608],[-73.96188806318123,40.74098216980996],[-73.96180397489094,40.74109767347238],[-73.96168381479363,40.741581792848336],[-73.96161273075094,40.741868184062525],[-73.96159887514045,40.74192400540934],[-73.96138101666223,40.742801724314496],[-73.96129088529648,40.74289387925111],[-73.96118284159536,40.74300515455658],[-73.96083283070968,40.74363938352994],[-73.96056856792416,40.74402966608278],[-73.96051732602378,40.744105340578805],[-73.96010476040178,40.74471436658892],[-73.95974727111413,40.745242384762115],[-73.95922245790949,40.74601752710466],[-73.95872036392863,40.74664630161459],[-73.95866490741066,40.74664202069684],[-73.9585774423879,40.74675108484948],[-73.95848340545211,40.746837777462375],[-73.95840693398827,40.746887307304824],[-73.95839814292222,40.74691780160384],[-73.95835800818824,40.74697401659788],[-73.95830782389999,40.74706834919561],[-73.95845316727471,40.74709794562882],[-73.95751889254959,40.74830361908962],[-73.95749344070785,40.74833646476331],[-73.95704097342924,40.74892035087422],[-73.95617416492492,40.74966509449204],[-73.95619953007338,40.74967071442296],[-73.95620136801158,40.74968563282135],[-73.95612066411361,40.749759885369805],[-73.95608794510929,40.74976872866714],[-73.95606245800518,40.74976427783008],[-73.95553187698107,40.75021593221369],[-73.95447585982728,40.75109726505744],[-73.9544985816368,40.75122583574083],[-73.95391958666194,40.75179900314876],[-73.9539489670387,40.75182340686372],[-73.95389216558657,40.7518907577703],[-73.95375312922714,40.752001550856384],[-73.95362103972025,40.75208520768104],[-73.9529297093916,40.752763649404145],[-73.95289896210213,40.752799919127256],[-73.9529079071637,40.75286038947291],[-73.95278760145926,40.75298088510861],[-73.9525679248646,40.7531676710117],[-73.95201001989038,40.753835013291],[-73.95193018728062,40.753884821847635],[-73.95166990104677,40.7541834145296],[-73.95153689279796,40.754330628431866],[-73.9513143815353,40.754579550139844],[-73.95101792732538,40.75508691922262],[-73.95087702017686,40.75516691420274],[-73.95083917142104,40.755218083114066],[-73.95080763818348,40.755263680114496],[-73.95077122659485,40.755307969156135],[-73.9507252463368,40.755362935048545],[-73.95066341826288,40.7554363228333],[-73.94915021809439,40.75732894539511],[-73.94783189516941,40.75898919280192],[-73.94596424219853,40.76129260661045],[-73.94580554804877,40.76144956712122],[-73.94570525640735,40.761488157056796],[-73.94473048972095,40.76285654700938],[-73.94471460869173,40.76287884042707],[-73.94467628145476,40.76293008560002],[-73.94350282032734,40.764499040744],[-73.94158523271763,40.766616087657816],[-73.94131174941451,40.766918004769806],[-73.94046256885558,40.76753046980303],[-73.9403510378443,40.76765337548503],[-73.93983559283019,40.76798800593915],[-73.93800409698186,40.76881049900348],[-73.93640381736212,40.76947488401451],[-73.93532259466005,40.770484594047204],[-73.93495593369758,40.77173017021905],[-73.93556797049789,40.77191877753371],[-73.93560853449772,40.77193127768467],[-73.93746637681015,40.772503768462556],[-73.93746638603186,40.772531495125726],[-73.93781335969558,40.77356289414551],[-73.93785811888885,40.77408756897356],[-73.93765483090813,40.77508568538382],[-73.93704702153694,40.775866487041576],[-73.9370301283993,40.77589320499817],[-73.9363802281754,40.776921456562825],[-73.936089196991,40.77718432207721],[-73.93585452641504,40.77721168462437],[-73.93508232492148,40.77794423372794],[-73.93474353077397,40.77807633537756],[-73.93437322789991,40.77808592213704],[-73.93381132859464,40.7781004537336],[-73.93289245470477,40.777942605488036],[-73.93277477867717,40.77792238827551],[-73.93274122965342,40.77799395031778],[-73.93272210453966,40.77803476711813],[-73.93264931173445,40.77802197373051],[-73.93184646077505,40.77788082503077],[-73.93178834305208,40.77787060660245],[-73.93104964298996,40.77744189680963],[-73.93107377146754,40.77726059439833],[-73.93088304263192,40.77697370617741],[-73.93062856554165,40.77659090274975],[-73.9298805856625,40.77622163139984],[-73.9290357214348,40.77646741705909],[-73.9286051502335,40.77659267510116],[-73.92839561141334,40.77679052956784],[-73.92827730832772,40.77689897482202],[-73.92631833403904,40.77824177518511],[-73.92582201245972,40.77838590626325],[-73.9257452164664,40.778405370838605],[-73.9256507624441,40.77843081183361],[-73.9255730426292,40.77845885132635],[-73.92487344547924,40.778625604007054],[-73.92423363007518,40.77910119376566],[-73.92318694398017,40.7802483931255],[-73.92295652690196,40.78044100761981],[-73.92263013830896,40.78056478522561],[-73.92209965433324,40.78085187463665],[-73.92097562099744,40.78176769100406],[-73.91996458793025,40.78263506853664],[-73.91909034740662,40.78336764600462],[-73.91847384225493,40.783754157698056],[-73.91818862939189,40.78393296611385],[-73.91773807440362,40.78407595141061],[-73.91724516427522,40.78414200119857],[-73.91717118646493,40.78419348386903],[-73.91718200679621,40.784552063682135],[-73.91683277016423,40.785191392487555],[-73.91575172894562,40.786107578578275],[-73.9154171875742,40.78606392941116],[-73.91534351270965,40.78611634758441],[-73.91526014002221,40.786192216642185],[-73.91558710205888,40.786429631166506],[-73.91423947964567,40.78785620956354],[-73.91259985977615,40.78937632963455],[-73.9124081100032,40.789274302943156],[-73.91266748294667,40.78900397454139],[-73.91222952426428,40.78917927946376],[-73.91206853578734,40.7893386538131],[-73.91195110905574,40.78940179722117],[-73.91207975090545,40.78952181499022],[-73.91183777736101,40.78968088445849],[-73.91169342372018,40.789572638610004],[-73.91124959039216,40.78974393580025],[-73.91094297500425,40.789755042751416],[-73.91090487098738,40.79004068496303],[-73.91022215784116,40.790465207279944],[-73.91067333522173,40.793116307484624],[-73.91239963408823,40.79607025601146],[-73.90565712348884,40.79412221322235],[-73.8998688874523,40.79244947295641],[-73.89218182918813,40.790394269608534],[-73.89210433910314,40.79032333694031],[-73.89197448927155,40.79023627373922],[-73.89177016603499,40.79022204326958],[-73.89160587115369,40.79016070095335],[-73.89140452803792,40.79019391879706],[-73.89115649564229,40.79017385570524],[-73.89091952963915,40.790225554277995],[-73.89079999909833,40.790207576198696],[-73.8905697157514,40.79010763571049],[-73.89030135565142,40.78987672683292],[-73.89012684970683,40.78963627999324],[-73.88988482197044,40.78900996593536],[-73.8898704967809,40.78889549798445],[-73.88979724086198,40.788652392189945],[-73.8896109704302,40.78819999050582],[-73.88952254829917,40.788058824697934],[-73.88940460873206,40.787791280075346],[-73.88905212443196,40.78737256025825],[-73.88856541967114,40.787160949835894],[-73.88830725666226,40.78700634428319],[-73.88770126372616,40.78687227407085],[-73.88727783418734,40.78680667324894],[-73.88715316484884,40.786826182030104],[-73.88692199786375,40.78673311425447],[-73.88659282770269,40.78673817541284],[-73.88631726172089,40.78673287062192],[-73.88612955538457,40.78670799325236],[-73.88596200181902,40.786752519485006],[-73.88574422143155,40.78667729180755],[-73.88537442211033,40.78666912679868],[-73.88522186783517,40.7866304871956],[-73.8783068005765,40.78535662050863],[-73.87677224850991,40.785800458480416],[-73.87653227349048,40.78582736329468],[-73.87629129558047,40.78584846380486],[-73.87604955774178,40.78586373873668],[-73.87580730370311,40.78587317268942],[-73.87556477771399,40.78587675615146],[-73.87532222429836,40.78587448550983],[-73.87507988800786,40.785866363053835],[-73.87483801317501,40.78585239697286],[-73.87459684366672,40.78583260134796],[-73.87435662263823,40.785806996137794],[-73.87421120882092,40.785797258413076],[-73.8740379995106,40.78577825160609],[-73.87386399567168,40.78576404342472],[-73.87368942732758,40.78575465265134],[-73.8735145252476,40.78575009170001],[-73.87342763286719,40.78576182995955],[-73.87335461082206,40.7857886888256],[-73.87328576346651,40.78581238366035],[-73.87320234380408,40.78582496939362],[-73.8730876168903,40.78585495228099],[-73.872981211824,40.78589445246452],[-73.87288496983653,40.78596263321615],[-73.87287195903875,40.78597502780494],[-73.87278847069518,40.78607797635332],[-73.87268454327935,40.786153926991],[-73.87247298679297,40.78630300728325],[-73.87226518997507,40.78642391877755],[-73.87224806110342,40.786428740437174],[-73.87210572329181,40.786468817137056],[-73.87187562144997,40.786623508954264],[-73.87163065373362,40.78679790584326],[-73.87148752146939,40.787052566473825],[-73.8713739882531,40.78727091432576],[-73.87122538791158,40.78744541718164],[-73.87107316744542,40.78757484025036],[-73.87080888633653,40.78789669118139],[-73.87079504907979,40.78792901609705],[-73.8707872830197,40.78796249248594],[-73.87078574018648,40.787996465045815],[-73.87079045079076,40.78803026876102],[-73.87080132263131,40.78806324191991],[-73.87085254953452,40.7882061205437],[-73.87089073096055,40.78833608708789],[-73.87092076477519,40.78846728302725],[-73.87094258342167,40.78859941346633],[-73.87095613780784,40.78873218140729],[-73.87096139741698,40.78886528841771],[-73.87094746392428,40.78895375382278],[-73.87097263727193,40.78905713490408],[-73.87020732971231,40.79090914796461],[-73.86711790896685,40.79374195431747],[-73.86484987184818,40.79588744646719],[-73.86296518139766,40.7976701641035],[-73.85463199172668,40.799724300891775],[-73.85307212690249,40.80011348135251],[-73.84409447984069,40.80106203762452],[-73.83540689516165,40.80219900097012],[-73.83081953094234,40.80306037604349],[-73.83060205642526,40.80314153450041],[-73.8305479318847,40.80316173352694],[-73.8304762117856,40.8031804662733],[-73.83040449232841,40.80319919076725],[-73.8275413245244,40.80386435869621],[-73.82324381300123,40.80482456537759],[-73.81741799088005,40.805790363493124],[-73.8112998373544,40.80539727924117],[-73.80454265107744,40.80355381391135],[-73.79974532376461,40.80219889826506],[-73.79370965939952,40.8003753275705],[-73.79362906934006,40.80039629753681],[-73.79354649436172,40.80039477680431],[-73.7900200244699,40.80023039588567],[-73.78791783864519,40.8003620998111],[-73.78731570934909,40.80085327679305],[-73.78620708738572,40.80160298625645],[-73.78474510346776,40.80259161534876],[-73.7826761967837,40.805385770852105],[-73.77955573789075,40.81124714052559],[-73.77895751354573,40.81171319220873]]]],"type":"MultiPolygon"},"properties":{"borocode":"4","boroname":"Queens","shape_area":"4962896594.51","shape_leng":"459301.798759"},"type":"Feature"},{"geometry":{"coordinates":[[[[-74.04387761573918,40.69018767587425],[-74.0435059601254,40.689687359636544],[-74.04273533892976,40.6900501909178],[-74.04278433313979,40.69012097669158],[-74.04270428426766,40.6901552046445],[-74.04255372037308,40.689962759289784],[-74.04263929305132,40.6899281759112],[-74.0426938081918,40.689997259107386],[-74.04346752310265,40.68963699010365],[-74.04351637245823,40.68919103323996],[-74.04364078627412,40.68876655957033],[-74.04397458556184,40.688582407056096],[-74.04438521711224,40.688516177900524],[-74.04478399106388,40.688595660115794],[-74.04627538937608,40.68932742539461],[-74.04680284898575,40.689953256266215],[-74.04747651462345,40.689611369998474],[-74.04772962697038,40.689915318466475],[-74.04758571924786,40.689982506826325],[-74.0474312605745,40.68980388996877],[-74.04689205500591,40.690059098322806],[-74.04720029366216,40.69042481512135],[-74.04711050632582,40.690470412850544],[-74.04711581976335,40.690655806118656],[-74.04718321412064,40.69074735504927],[-74.04719492447708,40.69076326384864],[-74.04721324509306,40.69079048729119],[-74.04722568374888,40.69081957237449],[-74.04723192785436,40.69084978819291],[-74.04723182048704,40.690880375424555],[-74.0472253643364,40.690910565412956],[-74.04721272163714,40.69093959948329],[-74.04719421009307,40.69096674800803],[-74.0471702948939,40.690991328742676],[-74.04714091053252,40.69101051634466],[-74.04710814053631,40.69102620847252],[-74.04707269656511,40.691038064342266],[-74.0470353483505,40.69104582648131],[-74.04699690697936,40.69104932632006],[-74.04617166999421,40.69109798148679],[-74.04614707208631,40.691122645530776],[-74.04609551065116,40.69112006304664],[-74.04604442455516,40.691114152158434],[-74.04599418395532,40.691104955694904],[-74.04592592767851,40.691082603295534],[-74.04586027427379,40.691056116080965],[-74.0446061648289,40.69057348444839],[-74.04387761573918,40.69018767587425]]],[[[-74.03995040788483,40.700890630140314],[-74.03945262913307,40.70053315982393],[-74.03938278118818,40.70057769405891],[-74.03771124796636,40.699344040347924],[-74.03809786214745,40.699039504741805],[-74.03822954445361,40.6983685911953],[-74.03900043878028,40.69836989039119],[-74.0393403767012,40.69811551433357],[-74.03993272132956,40.69854442229125],[-74.0402555501724,40.69880482330772],[-74.04124261832222,40.69953674143504],[-74.04174768868015,40.69914786356682],[-74.03991248872623,40.69770204039857],[-74.0416605191481,40.69645297113735],[-74.04367371230778,40.698020404330265],[-74.04363686211164,40.69804823219588],[-74.04365651062231,40.698064091088085],[-74.04270395810691,40.69880060008429],[-74.04296505227515,40.698999361822366],[-74.0410986123707,40.70049294338984],[-74.04080080646241,40.70026854992668],[-74.04031250907462,40.700625748690044],[-74.04028808737911,40.700643613467534],[-74.03995040788483,40.700890630140314]]],[[[-73.92590128981453,40.879285439176826],[-73.92490327473082,40.87888836785333],[-73.92477853394452,40.87890489313747],[-73.924723421852,40.878929562772974],[-73.92468081949123,40.87896184322691],[-73.9246557202094,40.87901503923813],[-73.92461565385285,40.87901881332546],[-73.92458061746717,40.87900358708516],[-73.92453803224585,40.879020663645],[-73.92453549396478,40.879051069354695],[-73.92451795851093,40.87905865905952],[-73.92449042779131,40.879047238956886],[-73.92431268537311,40.87901861503328],[-73.92417999621696,40.87900522563527],[-73.92406481633908,40.87900705028605],[-73.92405728895936,40.879020348306035],[-73.92403725620422,40.879022235499114],[-73.92398718755096,40.87901460085835],[-73.92396967812256,40.87899938547239],[-73.9239421518709,40.87898416331534],[-73.92390209942485,40.878976535740584],[-73.92382697877537,40.87898028660262],[-73.92379441368197,40.87899356908263],[-73.92374935501272,40.87898403609708],[-73.92362973950414,40.87896394324346],[-73.92359172553192,40.87895215883029],[-73.92330375396061,40.878907722741296],[-73.92326869161509,40.87891530111025],[-73.92325917223425,40.87892107129669],[-73.92324363509948,40.87893048897135],[-73.923186039062,40.878936151949524],[-73.92316350671449,40.8789342365735],[-73.92312345723832,40.87892280730649],[-73.92309319848724,40.878905555432304],[-73.92304082223714,40.87893035390755],[-73.92295065367482,40.87895499881216],[-73.92287303871048,40.87895114604805],[-73.92279794451153,40.87893209156779],[-73.92273788287528,40.87890544542808],[-73.92267879929852,40.87886681383427],[-73.92258529781746,40.878776111683514],[-73.92253523106848,40.87876657586905],[-73.92248992794144,40.87874475544571],[-73.92248829959357,40.87870664479133],[-73.92243464476009,40.87869846312162],[-73.9224079751692,40.87869833379171],[-73.92240799295877,40.8786830902473],[-73.92222979565176,40.878645496491785],[-73.92213444062936,40.87860986378588],[-73.92206723651886,40.878572414803116],[-73.92182211843595,40.87835179606696],[-73.92169203715619,40.878250983700696],[-73.92164515447988,40.87819854258044],[-73.9216328627697,40.87818479369008],[-73.92160630247058,40.878157102078916],[-73.92157710424013,40.878136542622],[-73.92025638898802,40.876951990276794],[-73.92015400760003,40.8767238657912],[-73.92011149577314,40.87668012550541],[-73.9200802843084,40.876680103895445],[-73.92007143601694,40.876680097767604],[-73.92005393038463,40.876662981237416],[-73.92005645945062,40.87665692050966],[-73.92006899542521,40.87662688315527],[-73.92002897596285,40.87659264712334],[-73.9199689381374,40.876548895307955],[-73.9199433211953,40.87654683041274],[-73.91992137179287,40.87654506189163],[-73.91987703581991,40.87650888691855],[-73.9197755685451,40.876497553875375],[-73.91978381232852,40.87642143610611],[-73.91908326290871,40.87606488132344],[-73.91832983833733,40.87583697633213],[-73.91829727535904,40.87584835638916],[-73.918279740037,40.875855945820675],[-73.91825972376274,40.875844529544246],[-73.91824974232539,40.87581791550599],[-73.91808452265238,40.87579499314271],[-73.91799187227187,40.875804428896636],[-73.91791929539365,40.87577777133654],[-73.91783922540307,40.875737804911935],[-73.91778922572918,40.875676954692125],[-73.9177566932971,40.875663627860405],[-73.91768907138149,40.87568068405789],[-73.91747364858442,40.87576225015338],[-73.91740100887853,40.87578690427346],[-73.91733338910987,40.87580205921571],[-73.91726028403505,40.87580900358122],[-73.91578515571896,40.87571694506451],[-73.91574314674745,40.87576089549067],[-73.91571027699723,40.87579545455026],[-73.91484624156446,40.8766667097741],[-73.91247736339129,40.87791322737197],[-73.91205830030307,40.87811931954625],[-73.91148913190445,40.87901885880971],[-73.91033193632772,40.879038046302796],[-73.90949832117538,40.878776731679324],[-73.9090623603834,40.878486782812246],[-73.90835569683979,40.87791831418686],[-73.90765281705261,40.877428022859576],[-73.90703748936711,40.876895160708266],[-73.90692586434854,40.876754547303065],[-73.90685372865197,40.876663675527105],[-73.90682822856839,40.87663155188898],[-73.90682004046141,40.87658552510437],[-73.90665099539478,40.87575250419279],[-73.90691694520311,40.875055862761535],[-73.90708792618746,40.874325983405804],[-73.90746489728103,40.87354735423604],[-73.90774270784561,40.87284595211176],[-73.9084636791247,40.872620792207314],[-73.9087204639138,40.872228665589496],[-73.90893235241587,40.8721573479708],[-73.90864943177583,40.87138578380346],[-73.90893714929898,40.87101984030901],[-73.9092746410747,40.869554132383314],[-73.90949664312318,40.86883115664054],[-73.9096669484779,40.86841703959026],[-73.90986176427595,40.86794331561658],[-73.91031786122694,40.867536124206765],[-73.9110489116976,40.86630644146871],[-73.91335966675416,40.86364793876835],[-73.91422918067761,40.86248855665986],[-73.91429082522977,40.862428017047684],[-73.91462116355156,40.86209669073492],[-73.91461141238277,40.86207254946108],[-73.91461143749123,40.86205299399752],[-73.91463437531989,40.862020419337846],[-73.9146716299535,40.86198133760563],[-73.91470028509576,40.86195311254409],[-73.91474323884682,40.861933589479],[-73.91477109675118,40.86194630814935],[-73.91481817405302,40.86189908898309],[-73.91611624342026,40.86091115047082],[-73.9166791538076,40.86026920350337],[-73.91710643669245,40.859706335045786],[-73.91829123397625,40.858155014911084],[-73.91902369125216,40.857396538413894],[-73.91956620878499,40.85684018368785],[-73.92002002142904,40.85627072053073],[-73.92099167869223,40.85530453559075],[-73.92108769700258,40.85516620573663],[-73.92154971856314,40.8545302997416],[-73.92174035403008,40.85422123784067],[-73.92256179012723,40.853188911527916],[-73.92331810341263,40.852129787962205],[-73.92351769239269,40.85183581997122],[-73.92394789435299,40.85122178461628],[-73.92384778945828,40.85118260871615],[-73.92408865819112,40.85073735017466],[-73.9242240509072,40.85056887655142],[-73.92445273249756,40.85009207692022],[-73.92465379930397,40.849785043010684],[-73.92521955529817,40.84908224673782],[-73.92577127033299,40.84842204283277],[-73.92586477100272,40.848361704688614],[-73.92593957829618,40.84827119285737],[-73.92597932956903,40.84816292863149],[-73.92603310172107,40.848072415298844],[-73.92611024127821,40.848020949900004],[-73.9261943918428,40.84796061152643],[-73.92630425864081,40.847870101441146],[-73.9264141327071,40.847731669964965],[-73.92645855261857,40.847648254298704],[-73.9265169973973,40.8475648403456],[-73.92656608820775,40.847509823192325],[-73.92662687440178,40.84739268650051],[-73.92669933467506,40.84735187055055],[-73.92675777037108,40.847335901124836],[-73.92677400548408,40.84732556266264],[-73.92683023216796,40.84728976018874],[-73.92685127602485,40.84722409105602],[-73.92685912332075,40.847192935975066],[-73.92688167671488,40.847103401545],[-73.92687934762685,40.84703950657201],[-73.92693545888346,40.84692414417056],[-73.92701961315859,40.84681765779756],[-73.92715519824286,40.84665082968594],[-73.92722479545745,40.84658965680567],[-73.92727798063599,40.846548035603604],[-73.92730194498628,40.8465068673763],[-73.92734184453737,40.846463641438184],[-73.92736149062337,40.846418903565265],[-73.92736756994744,40.8464050608971],[-73.9273912595109,40.846341483681776],[-73.927421415361,40.84625508342736],[-73.92746013035527,40.84619477632874],[-73.92754828446884,40.84608721456112],[-73.92759209751692,40.84605233651555],[-73.92763424726976,40.84601878419677],[-73.92767073346569,40.84603348248435],[-73.92786869810821,40.84559772120021],[-73.92804748401839,40.84546459595471],[-73.92808209373688,40.84539159683372],[-73.92811925349237,40.84531720381863],[-73.92827454706793,40.84497576115714],[-73.92861574822354,40.844676865030145],[-73.929184586731,40.843203757647835],[-73.92919408007238,40.84281841523717],[-73.92938012588215,40.84246714562457],[-73.92957870884571,40.842276669100045],[-73.92958939508141,40.84208354857729],[-73.92985714678284,40.84156744845526],[-73.93036686093104,40.84062002230475],[-73.9303990762182,40.84061025903075],[-73.93048324521047,40.84046006056727],[-73.93043183972397,40.84023170538771],[-73.93050705627856,40.84001027406952],[-73.93051572319956,40.839933642183986],[-73.93055441793425,40.83988800989474],[-73.93059094734633,40.83985868154728],[-73.9306598019076,40.83971523229966],[-73.9307157038901,40.83963862978734],[-73.93075007893722,40.83961582213068],[-73.93076944989448,40.839570177660995],[-73.93081468528484,40.839428345146786],[-73.93086414351619,40.839353368867805],[-73.93095819766837,40.83925414691318],[-73.93150395434274,40.838320689007645],[-73.93186660172832,40.83764005574796],[-73.9323556421868,40.83699333562858],[-73.9326562035398,40.836473476526095],[-73.93299639001609,40.83567878918886],[-73.93314306709262,40.83519412761666],[-73.93317633641149,40.83494357382724],[-73.93319931315656,40.834770395874045],[-73.93346235636974,40.833643823071505],[-73.93346105620013,40.833519420689775],[-73.93346918342067,40.83339516762589],[-73.9334867110435,40.8332714756787],[-73.93351358092677,40.83314875478512],[-73.93353807924791,40.83305849207644],[-73.9335639085739,40.832991653331085],[-73.93356395741964,40.83294273602143],[-73.93357044736173,40.8328921920782],[-73.93360592036706,40.83278953052097],[-73.93354606747043,40.83150945299906],[-73.93347556906261,40.8312214100727],[-73.93341936721271,40.830774350969065],[-73.93332562839956,40.83002868376579],[-73.93308540348339,40.828225673818025],[-73.93307251068157,40.82815615203639],[-73.93305881683798,40.82808624381192],[-73.9330076056631,40.827535713204576],[-73.93298275135794,40.82722440674669],[-73.93295940307478,40.826923447266815],[-73.93277433338805,40.82561216888234],[-73.93276594581164,40.82545822718517],[-73.93275761662524,40.8253222704128],[-73.93274693841838,40.825216783076215],[-73.93273843975096,40.82512551143673],[-73.93273054089455,40.82498434825348],[-73.93272841961672,40.824912542957414],[-73.93270505627348,40.82455972400059],[-73.93266867562112,40.8240783513853],[-73.9326113900247,40.82348761957546],[-73.93257862720853,40.82304071104566],[-73.93254883578308,40.822599216753076],[-73.93251180889189,40.82213881591802],[-73.93246603518885,40.821577434975964],[-73.93245923880339,40.82112061214128],[-73.93242874737321,40.820447140295414],[-73.93237498438103,40.819590696681935],[-73.93238181702401,40.81955319634088],[-73.93238971325029,40.819502847336956],[-73.9323884755584,40.819460027887324],[-73.93238745042837,40.81942438714841],[-73.9323358226825,40.81763040437958],[-73.9323406284529,40.81721181929964],[-73.93236209199667,40.81534211782539],[-73.93236564182625,40.815032964874895],[-73.93237568818533,40.81465157480268],[-73.93241767276572,40.8142087056884],[-73.93242307661161,40.81415171517618],[-73.93242632001915,40.81411751895935],[-73.932428399467,40.81406068631601],[-73.9324311938161,40.81401683338755],[-73.93247701797105,40.813423607835155],[-73.93263229255248,40.81190462176082],[-73.93261684657162,40.81146749589096],[-73.93256503302071,40.810885975189855],[-73.93267921899456,40.81079913518726],[-73.93269089700823,40.810582932578825],[-73.93278688085368,40.810494460199294],[-73.93287412001965,40.81041404342915],[-73.9328639708333,40.8101244368861],[-73.93283250633492,40.81011615255967],[-73.93282288760696,40.8101136173337],[-73.93259434647315,40.81005355686696],[-73.93262095288841,40.809770741271436],[-73.93264257115315,40.80938286452651],[-73.93252708785978,40.80882328177552],[-73.93228261982843,40.808363973120585],[-73.93191956691425,40.80793713360157],[-73.93188710031586,40.80789402439711],[-73.93184564493095,40.807855844979024],[-73.93181050747297,40.8078184179507],[-73.93176476876219,40.80776969297118],[-73.93116268129305,40.80712829577704],[-73.93051758839178,40.80659056356698],[-73.93053645059727,40.80647027694312],[-73.93031950058686,40.80619014569923],[-73.93005458890526,40.80590234732335],[-73.92872607489883,40.80410362472488],[-73.92834056185593,40.80423989028156],[-73.92820591748358,40.8040480802544],[-73.92810959569343,40.80401293433756],[-73.9279317402624,40.803999462513914],[-73.92764500352577,40.80398863284625],[-73.92728271943602,40.80350826441722],[-73.9274368990251,40.803277441693915],[-73.92731248358223,40.803211770480445],[-73.92750834884227,40.802933233711286],[-73.92762788658847,40.80269566548173],[-73.92665794788489,40.802409803914856],[-73.92422706841215,40.80254501085572],[-73.92358699045953,40.8025157248215],[-73.92292710065784,40.802373294643054],[-73.92259611000287,40.80218820133191],[-73.92203765969164,40.80187719757284],[-73.92168826973968,40.80158572330178],[-73.92132730778515,40.801284591631585],[-73.9209564526438,40.80059881422491],[-73.92078133924316,40.80027500995213],[-73.92044066980385,40.79980415649081],[-73.92024068092739,40.79961368787002],[-73.91912380270183,40.799032455052405],[-73.91903181973156,40.79898494624383],[-73.91895581706169,40.79894691727497],[-73.91889092597594,40.79891589459669],[-73.91880394070586,40.79887972972247],[-73.91616947132847,40.79783071842449],[-73.91512767444794,40.797362948508336],[-73.91372255973579,40.796789438758864],[-73.91239963408823,40.79607025601146],[-73.91067333455979,40.7931163079867],[-73.91022215784116,40.790465207279944],[-73.91090487098805,40.790040684460436],[-73.91094297500425,40.789755042751416],[-73.91124959039216,40.78974393580025],[-73.91169342372085,40.789572638107416],[-73.91183777736101,40.78968088445849],[-73.9120797502442,40.78952181498974],[-73.91195110905574,40.78940179722117],[-73.91206853578734,40.7893386538131],[-73.91222952426428,40.78917927946376],[-73.91266748294667,40.78900397454139],[-73.91240810934197,40.789274302942644],[-73.9125998591149,40.78937632963406],[-73.91423947964567,40.78785620956354],[-73.91558710139766,40.78642963116601],[-73.915260139361,40.78619221664169],[-73.91534351270965,40.78611634758441],[-73.9154171875742,40.78606392941116],[-73.91575172894562,40.786107578578275],[-73.91683277016423,40.785191392487555],[-73.91718200679684,40.78455206317955],[-73.91717118646493,40.78419348386903],[-73.91724516427522,40.78414200119857],[-73.91773807440362,40.78407595141061],[-73.91818862939189,40.78393296611385],[-73.91847384225493,40.783754157698056],[-73.91909034674545,40.78336764600415],[-73.91996458793025,40.78263506853664],[-73.92097562099683,40.78176769150664],[-73.9220996549944,40.78085187463709],[-73.92263013830896,40.78056478522561],[-73.92295652690196,40.78044100761981],[-73.92318694398017,40.7802483931255],[-73.92423363007518,40.77910119376566],[-73.92487344547924,40.778625604007054],[-73.9255730426292,40.77845885132635],[-73.92565076178296,40.77843081183318],[-73.9257452164664,40.778405370838605],[-73.92582201245972,40.77838590626325],[-73.92631833403904,40.77824177518511],[-73.92827730832772,40.77689897482202],[-73.92839561141388,40.77679052906526],[-73.9286051502335,40.77659267510116],[-73.9290357214348,40.77646741705909],[-73.9298805850014,40.776221631399444],[-73.93062856554165,40.77659090274975],[-73.93088304263192,40.77697370617741],[-73.93107377146754,40.77726059439833],[-73.93104964298996,40.77744189680963],[-73.93178834305208,40.77787060660245],[-73.93184646077505,40.77788082503077],[-73.93264931173445,40.77802197373051],[-73.93272210453966,40.77803476711813],[-73.93274122965342,40.77799395031778],[-73.93277477867717,40.77792238827551],[-73.93289245470477,40.777942605488036],[-73.93381132859464,40.7781004537336],[-73.93437322789991,40.77808592213704],[-73.93474353011284,40.77807633537719],[-73.93508232492148,40.77794423372794],[-73.93585452707664,40.77721168412216],[-73.936089196991,40.77718432207721],[-73.93638022817588,40.77692145606024],[-73.9370301283993,40.77589320499817],[-73.93704702153741,40.77586648653898],[-73.93765483090813,40.77508568538382],[-73.93785811822775,40.77408756897321],[-73.93781335969558,40.77356289414551],[-73.93746638537077,40.772531495125364],[-73.93746637681015,40.772503768462556],[-73.93560853449772,40.77193127768467],[-73.93556797049789,40.77191877753371],[-73.93495593369758,40.77173017021905],[-73.93532259399947,40.77048459354425],[-73.93640381736212,40.76947488401451],[-73.93800409698186,40.76881049900348],[-73.93983559283063,40.767988005436564],[-73.9403510378443,40.76765337548503],[-73.94046256885602,40.767530469300446],[-73.94131174941451,40.766918004769806],[-73.94158523271763,40.766616087657816],[-73.94350282032777,40.764499040241425],[-73.94467628145476,40.76293008560002],[-73.94471460803074,40.762878840426765],[-73.94473048972095,40.76285654700938],[-73.94570525640735,40.761488157056796],[-73.94580554804877,40.76144956712122],[-73.94596424219853,40.76129260661045],[-73.94783189516941,40.75898919280192],[-73.94915021809439,40.75732894539511],[-73.95066341760197,40.75543632283302],[-73.9507252463368,40.755362935048545],[-73.95077122659485,40.755307969156135],[-73.95080763818348,40.755263680114496],[-73.95083917142067,40.75521808361664],[-73.95087701951596,40.75516691420246],[-73.95101792732538,40.75508691922262],[-73.9513143815353,40.754579550139844],[-73.95153689279796,40.754330628431866],[-73.9516699010464,40.75418341503216],[-73.95193018728062,40.753884821847635],[-73.95201001989038,40.753835013291],[-73.9525679242037,40.75316767101144],[-73.95278760145926,40.75298088510861],[-73.95290790650283,40.75286038947264],[-73.95289896210213,40.752799919127256],[-73.95292971005249,40.75276364940441],[-73.95362103972025,40.75208520768104],[-73.95375312922714,40.752001550856384],[-73.95389216558657,40.7518907577703],[-73.95394896637784,40.75182340686347],[-73.95391958666194,40.75179900314876],[-73.9544985816368,40.75122583574083],[-73.95447585916642,40.75109726505717],[-73.95553187698107,40.75021593221369],[-73.95606245800518,40.74976427783008],[-73.95608794510929,40.74976872866714],[-73.95612066345277,40.74975988536955],[-73.95620136801158,40.74968563282135],[-73.95619953007338,40.74967071442296],[-73.95617416426407,40.749665094491775],[-73.95704097342924,40.74892035087422],[-73.95749344070785,40.74833646476331],[-73.95751889254925,40.74830361959219],[-73.95845316727471,40.74709794562882],[-73.95830782389999,40.74706834919561],[-73.95835800752741,40.74697401659764],[-73.95839814292222,40.74691780160384],[-73.95840693398827,40.746887307304824],[-73.95848340545211,40.746837777462375],[-73.9585774423879,40.74675108484948],[-73.95866490741066,40.74664202069684],[-73.95872036392863,40.74664630161459],[-73.95922245724867,40.74601752710443],[-73.9597472704533,40.74524238476187],[-73.96010476040178,40.74471436658892],[-73.96051732602378,40.744105340578805],[-73.96056856858495,40.74402966608301],[-73.96083283070968,40.74363938352994],[-73.96118284159536,40.74300515455658],[-73.96129088529618,40.742893879753716],[-73.96138101666223,40.742801724314496],[-73.96159887514045,40.74192400540934],[-73.96161273009017,40.741868184062305],[-73.9616838147939,40.741581792345755],[-73.96180397489094,40.74109767347238],[-73.96188806252047,40.74098216980974],[-73.96193750086432,40.74079487881608],[-73.9618263891064,40.74063163419436],[-73.96171990260376,40.740599434293905],[-73.96150536577223,40.74053026738233],[-73.96131588369362,40.740470639062615],[-73.9612610793983,40.74044679454154],[-73.96124682285499,40.740424731216],[-73.96124698011548,40.74042359661296],[-73.96128517458112,40.740349284383946],[-73.96141027195469,40.740323621628306],[-73.96143157417393,40.74029669069459],[-73.96153655773304,40.74015982310229],[-73.9617904826309,40.740013130417005],[-73.96220916491808,40.74000617499567],[-73.96243079071367,40.73967148008313],[-73.96262015898662,40.73903266212623],[-73.96260819750833,40.73879553905675],[-73.96247584060224,40.736800798097434],[-73.96244683120771,40.7356554443448],[-73.96232850324665,40.7337543408276],[-73.96233177722982,40.733623023567866],[-73.9623083769676,40.73353232426398],[-73.96234062194122,40.73338922663305],[-73.96230391870584,40.73311366047979],[-73.96226340423296,40.73291555162369],[-73.96203458498626,40.73238037004254],[-73.96175495708391,40.73166467816548],[-73.9617128941469,40.73156611384507],[-73.9616984824577,40.73153234089239],[-73.9616744677247,40.73148125355291],[-73.96142843697963,40.73094639210781],[-73.96130143673088,40.730252942924885],[-73.96128450722335,40.73015906170158],[-73.96128261942172,40.730061024507684],[-73.9611509325364,40.729536204770845],[-73.9610168813666,40.72870444010192],[-73.96114159312467,40.728103725404736],[-73.96141826820894,40.72735617970488],[-73.96149920105341,40.72675109062287],[-73.96161716963762,40.726661421991196],[-73.96165280828099,40.726203926231264],[-73.96161518835936,40.72586556307423],[-73.96176070350812,40.72522879160834],[-73.9619023964316,40.7253205003087],[-73.96211461566836,40.72514806339908],[-73.96165984301376,40.72486045396065],[-73.96189426712185,40.72410670210125],[-73.96190256113978,40.724098289978514],[-73.96200744799044,40.72399190110538],[-73.96207271943885,40.72388030040311],[-73.96223504964354,40.72357025876282],[-73.96225346254128,40.72353229754621],[-73.9627566542267,40.722399015126264],[-73.96296566336987,40.72203447662029],[-73.96341522820944,40.721581627445474],[-73.96343759486868,40.72155909516229],[-73.9635385534846,40.721573378514314],[-73.96355958424277,40.72153948696601],[-73.9639979372449,40.72093843757035],[-73.9640261752461,40.72088089256634],[-73.9640659124426,40.72079991096256],[-73.96420193098605,40.72065389375459],[-73.96424069640489,40.72061222999139],[-73.96427462497299,40.720575767091496],[-73.96436107956328,40.720477239877326],[-73.96439735661679,40.72044183392412],[-73.96433475464138,40.720386538408846],[-73.96444754919679,40.720276973403635],[-73.96433359670743,40.72020831917783],[-73.96438190823221,40.72013942466042],[-73.96447946289155,40.72003618825597],[-73.96503278328099,40.72037706947511],[-73.96511736823715,40.720316338856485],[-73.96517766198338,40.72025364537168],[-73.96523116082322,40.72018747845543],[-73.96527752089179,40.72011826342242],[-73.96531644421442,40.720046445179065],[-73.9653476806216,40.71997248536341],[-73.96537102935636,40.71989685937769],[-73.96538634036419,40.719820053332455],[-73.96540028047502,40.71976095877616],[-73.96540628102625,40.719701093800616],[-73.96540428030637,40.71964107428894],[-73.96539429892002,40.71958151771247],[-73.965376439575,40.719523036778355],[-73.96535088602495,40.71946623312608],[-73.96531790117794,40.719411691138134],[-73.96527782439118,40.719359971928185],[-73.96523106797906,40.71931160756865],[-73.96517811297097,40.71926709561703],[-73.96511950416225,40.71922689399757],[-73.96552429693033,40.71891934200115],[-73.96574267142807,40.7187068777773],[-73.96575996533477,40.71868903477947],[-73.96614194192294,40.71830361770939],[-73.96619833874296,40.71825471174941],[-73.96621630036864,40.71826437192912],[-73.96631330191035,40.718316540907516],[-73.96651263089429,40.718051613288594],[-73.96652746661586,40.7180318976814],[-73.9665366620753,40.71803435964881],[-73.96655195195892,40.71803845157975],[-73.96656241897496,40.71801586680643],[-73.96659690332694,40.71796798088782],[-73.96674727829412,40.71773776595099],[-73.96725113740355,40.71698666660929],[-73.96710504006269,40.716908393254585],[-73.96725983400415,40.71667097505574],[-73.96724034462171,40.7165878860588],[-73.9673639163342,40.71648367905523],[-73.96765448249167,40.71586910872038],[-73.96800830687351,40.715120723303656],[-73.96839125147869,40.714261918171424],[-73.96884924904191,40.713212545458084],[-73.96850672619549,40.713105471387024],[-73.96855971786024,40.712987310170845],[-73.96844231934433,40.71293843489032],[-73.96847298005662,40.712853427709085],[-73.96846973347043,40.712824709346336],[-73.96849847488288,40.71280690373669],[-73.96854388242633,40.71282070094257],[-73.96866605800044,40.712857192989304],[-73.96871698783333,40.71274694477496],[-73.96872243615427,40.71273764582788],[-73.96873194822179,40.71274056991479],[-73.96878386342105,40.71275652620588],[-73.96880693333144,40.71270862041468],[-73.96882449721811,40.71266061713465],[-73.96884020537442,40.712633248987316],[-73.96887248523575,40.71257874343655],[-73.96889595072828,40.71252831427451],[-73.96890597197051,40.71250677653027],[-73.968924663432,40.71246342693519],[-73.96894079301877,40.712418772448125],[-73.96883817664548,40.71238964192912],[-73.9688653757743,40.71227235912427],[-73.96881612079872,40.71225194770672],[-73.96886591557372,40.71223189865541],[-73.96888473220869,40.71217685873095],[-73.96907978657639,40.7116234424769],[-73.96909579961421,40.71156311360326],[-73.96914483225541,40.71145699454759],[-73.96923352739985,40.71143313228658],[-73.96929101618245,40.71127019931271],[-73.96923492997347,40.711240541438585],[-73.96931038510066,40.71110785237903],[-73.96990773093648,40.71126812133642],[-73.96937430020651,40.7110206660632],[-73.96941809313222,40.71093812726228],[-73.96969230826447,40.710846902921844],[-73.9697159353283,40.71083606278999],[-73.9697369172543,40.71082243072453],[-73.96975469010128,40.71080637312208],[-73.96976877618125,40.71078832157155],[-73.9697787968984,40.710768761253895],[-73.96978448292457,40.71074821790153],[-73.96978568143778,40.7107272436679],[-73.96978236022923,40.71070640228695],[-73.96977460856866,40.710686253921374],[-73.96963106061418,40.71065694598792],[-73.9696618647883,40.710499724137215],[-73.96994240066073,40.71052267103125],[-73.96995840051717,40.71052568939689],[-73.96997484319206,40.71052657928215],[-73.969991243381,40.71052531442217],[-73.9700071170336,40.7105219321492],[-73.9700219956403,40.71051653229077],[-73.97003544006044,40.71050927422326],[-73.97004705348371,40.710500372167914],[-73.97005649314185,40.710490088868006],[-73.97006348042545,40.71047872783397],[-73.97006780910702,40.710466624385326],[-73.97006935142757,40.71045413575363],[-73.97006806186734,40.71044163053892],[-73.97006397848904,40.71042947783042],[-73.97005722181427,40.71041803631304],[-73.97004799126624,40.7104076436808],[-73.97003655928361,40.71039860667],[-73.97002326327953,40.71039119200588],[-73.97000849568286,40.71038561853049],[-73.96999269235585,40.710382050743554],[-73.96968584951003,40.710321731483816],[-73.96960541330377,40.710270843372314],[-73.96961485767477,40.71014774918208],[-73.96994196698674,40.70930205335414],[-73.96988899402872,40.70857487206716],[-73.9698486482356,40.70800304118529],[-73.96962252184912,40.70762758855538],[-73.97031759983989,40.707331762587415],[-73.97232032139824,40.7090828833044],[-73.97278909570342,40.70937792040871],[-73.97426266815329,40.70829338222821],[-73.97502012856033,40.7077358762562],[-73.97547224859575,40.70749241305923],[-73.97841898361351,40.706268335085056],[-73.97851935532469,40.70622413842893],[-73.97861972432429,40.70618798114316],[-73.97873594194512,40.70614378723991],[-73.97888959576683,40.70607620978757],[-73.97896822164267,40.70602083820831],[-73.97905049904112,40.705966963591806],[-73.97918270800947,40.70596521447078],[-73.9792139176997,40.705906639730856],[-73.97927336342906,40.70591713530242],[-73.97927983185282,40.705789481471896],[-73.97932865325976,40.70576543285257],[-73.97955579999753,40.70577021477278],[-73.97955918553285,40.70574361525014],[-73.9802371538147,40.70576328305743],[-73.98022004252597,40.705851075721135],[-73.9807407049497,40.70585515936796],[-73.98090864629846,40.70590794381209],[-73.98092510311987,40.70536925520069],[-73.98232944150563,40.7055520336641],[-73.98237340505965,40.70554335043771],[-73.98245898641562,40.70554241447],[-73.9824595687225,40.70550879672295],[-73.98274859367703,40.70553269123966],[-73.98274508058623,40.70555270986948],[-73.98274161886008,40.70557244103028],[-73.9828355220131,40.70555580739825],[-73.98308986565951,40.705511541826034],[-73.98308639158824,40.7054770907024],[-73.98326398738244,40.705485066660806],[-73.98336819878104,40.70546106507666],[-73.98340650330286,40.70546637066061],[-73.98342627543244,40.705577220847076],[-73.98343806221908,40.70564409484797],[-73.98402149782905,40.70559863456478],[-73.98474329943127,40.70554290726712],[-73.98643429826667,40.70534860741975],[-73.98642911608677,40.70506917942819],[-73.98652973012088,40.70497909917395],[-73.9866227794053,40.70497860945434],[-73.98664041303033,40.70501536439529],[-73.98666530954449,40.70504959937778],[-73.98669686891394,40.705080489285834],[-73.98673433051667,40.705107289623975],[-73.9867767914742,40.70512935446083],[-73.98682322841232,40.70514615199776],[-73.98687252212638,40.70515727738632],[-73.98692348455644,40.70516246248601],[-73.98726969301157,40.705175720191804],[-73.98795676491503,40.70513421741267],[-73.98923975511839,40.705147981039026],[-73.98930731912124,40.705148705356436],[-73.98942993422666,40.70514924757482],[-73.98958305276048,40.70515483616648],[-73.98970166233462,40.70515916702903],[-73.98999422729753,40.70516984806055],[-73.99088177376606,40.705124031585484],[-73.99147964621476,40.70562475264856],[-73.9927222085818,40.70554382833541],[-73.99385266010486,40.70482946492926],[-73.99368792224483,40.704477914211736],[-73.99369336129286,40.70447612883802],[-73.99377457207805,40.70444945740894],[-73.993781554265,40.70446894454396],[-73.99380687248414,40.70453961321432],[-73.99386341031877,40.704556007433204],[-73.99456978950892,40.704376263514085],[-73.99463603408398,40.70433440292615],[-73.99470229068407,40.704292531913744],[-73.99477614353458,40.70424586105254],[-73.994698074708,40.704164700797484],[-73.99477286162538,40.704104541196834],[-73.9947923129999,40.70408889470735],[-73.99479231460055,40.70406840513134],[-73.99477158125167,40.70404936037464],[-73.99471424235155,40.70399668855851],[-73.99476934191567,40.70395289495375],[-73.99488239902435,40.70378802583759],[-73.99499542533941,40.70365056321185],[-73.99485765933736,40.703566138526284],[-73.99466290343612,40.70343060805678],[-73.99480038274869,40.70329195814218],[-73.99502134649177,40.70314786924691],[-73.99504592748325,40.70313183979974],[-73.99506438491517,40.70310031315111],[-73.99513826840686,40.70297411472301],[-73.99526015117384,40.70281020903634],[-73.99538448382651,40.70264301006602],[-73.99621639402845,40.701524073164656],[-73.99628992163414,40.70142517603728],[-73.99649829067577,40.70114490752565],[-73.99661736129626,40.70098500803149],[-73.99669768997464,40.70087697691724],[-73.997244628717,40.700141409394675],[-73.99717584355885,40.700105991463936],[-73.99718148446385,40.699994484968265],[-73.99716054243922,40.69979281264431],[-73.99736745811687,40.69963423442734],[-73.9974989831,40.69963886932142],[-73.99799957540132,40.69879768554447],[-73.99802102725111,40.69876173657397],[-73.99837760685773,40.698063295643685],[-73.99887117097656,40.697157577296025],[-73.99876458027707,40.69712073259158],[-73.9988720721042,40.69692378407174],[-73.99893968968655,40.69694094051598],[-73.99899604139195,40.69681227837313],[-73.9991819895083,40.69688518806495],[-73.99929468836194,40.69679512579423],[-73.99947406820606,40.696704134462166],[-73.99952373903514,40.69657482604102],[-73.99941302433207,40.69635767645347],[-73.9994197190206,40.6963469378187],[-73.99946143448636,40.69628002660449],[-73.99959546796508,40.69606503883681],[-73.99988214960378,40.695605199245804],[-74.00026872377788,40.69496580207552],[-74.00070104745139,40.69438785583982],[-74.00078295275675,40.69428651516221],[-74.00095868416989,40.6940690835824],[-74.00127014902641,40.69329606167393],[-74.00154172920257,40.692785962750314],[-74.00174362045013,40.69240674970567],[-74.00179839826068,40.69227001601038],[-74.00181122055704,40.69223801288127],[-74.00181765040732,40.6922219624816],[-74.00196938526081,40.69184320831767],[-74.00132562399813,40.69146310033224],[-74.00069905841879,40.69061185791666],[-74.0009615685494,40.69012876784768],[-74.00185304524621,40.690387986742],[-74.00196321992863,40.690136379460924],[-74.00297565436566,40.69042657592089],[-74.00340921624519,40.689613260657715],[-74.00382038919733,40.68892964469948],[-74.00459270521768,40.68821522248419],[-74.00500373315074,40.687605985401035],[-74.00562986330395,40.686784205541244],[-74.00566680246703,40.68669807883398],[-74.00588224183227,40.6861957683912],[-74.00644146832336,40.6862884902323],[-74.00701988682654,40.68652641719425],[-74.00754474403935,40.68631824409119],[-74.007717074958,40.686264429018536],[-74.00776833635145,40.68624913667171],[-74.00782695474197,40.6862406283319],[-74.00788712164156,40.68624579479357],[-74.0079344147698,40.686281942978795],[-74.00798184065677,40.68627582209608],[-74.0081641459391,40.686174717161656],[-74.00842516151923,40.68601553194273],[-74.0085129425734,40.68596254858384],[-74.00860072436832,40.68590956465498],[-74.01092841268031,40.68449147254313],[-74.0119325991106,40.68388774915516],[-74.01262428290774,40.683468695889296],[-74.01282000332847,40.68362241649752],[-74.01486782800727,40.68238321354489],[-74.01508295187068,40.68225409881815],[-74.01532059798741,40.68211072878081],[-74.01520082279133,40.68197941942823],[-74.01678833950196,40.68102196529258],[-74.01684837002347,40.68098575898777],[-74.01746928837116,40.680614731701105],[-74.01757049428147,40.68065064812452],[-74.01764735085476,40.68060189084181],[-74.01772532572437,40.680661902673755],[-74.01899105405393,40.679904993201504],[-74.01892813988314,40.67984430511124],[-74.0190683342972,40.67976074797666],[-74.01928128102017,40.679648140092965],[-74.0194177599097,40.67969472116238],[-74.01955939822047,40.67974306274616],[-74.01984812212359,40.679841605012726],[-74.02039016995113,40.68002660401396],[-74.02111521215461,40.680274052997],[-74.02832661932929,40.682734876153276],[-74.03034663905476,40.68342407465291],[-74.03139726637878,40.68378251141458],[-74.03268471952721,40.684221727562964],[-74.03337675287406,40.68445780713937],[-74.03391745407401,40.684642256890285],[-74.03457281029688,40.684865814534575],[-74.03200066868172,40.68945960560315],[-74.02621276743784,40.699794144080656],[-74.02591432133019,40.701616131980686],[-74.02535812437687,40.704735244233795],[-74.02500400888923,40.706719337228606],[-74.02500150195415,40.70673414030039],[-74.02425402448425,40.7111474414465],[-74.02402484374095,40.712500472825944],[-74.0239634387803,40.71288534516744],[-74.02393387797629,40.71303749193551],[-74.02379765659155,40.71372475511677],[-74.02378133516294,40.713804679900115],[-74.0237755485209,40.713833015932885],[-74.02376814999003,40.713869244995],[-74.02376129167754,40.71390283070486],[-74.02374547500261,40.71398028066905],[-74.02366982852936,40.71435071388767],[-74.02244651412222,40.72034053507556],[-74.02165262629434,40.724216974955645],[-74.02168932180253,40.7254700265318],[-74.02151429495177,40.72748578637624],[-74.02150587998983,40.72756006205494],[-74.02148716897018,40.72764239885779],[-74.0211181763124,40.729072395585305],[-74.02077081744076,40.73042507377074],[-74.02057585389427,40.73115673478823],[-74.02023820243258,40.73241027692862],[-74.02020276500258,40.732541839215514],[-74.02014145673434,40.73276944511528],[-74.01917689250581,40.73637182564071],[-74.01804704926585,40.74071038108349],[-74.01733942104566,40.74418879603744],[-74.01725752096381,40.744965231631326],[-74.01545797486173,40.751568645906985],[-74.01539594930182,40.751796228322405],[-74.01493516786955,40.75348683281107],[-74.01407734590761,40.756633946086346],[-74.01399465134612,40.75693731414696],[-74.0126869798159,40.758825478786264],[-74.01012358320725,40.762526446504246],[-74.01003235131195,40.762658156063594],[-74.00983775855859,40.762928162103016],[-74.00968021224007,40.76316849303194],[-74.00923395611649,40.763802854956324],[-74.00841518701802,40.764908687491925],[-74.00640673884442,40.76766575656568],[-74.00517083160625,40.769369707303895],[-74.00450262790238,40.77030479734204],[-74.00280340139679,40.77268257369982],[-74.00233857376064,40.773332986053745],[-74.00222268092334,40.77349514853423],[-74.00180133713084,40.77408470096997],[-74.00150623796169,40.77449760163079],[-74.00037823282098,40.77612302681181],[-73.99793675708908,40.779693975130854],[-73.99758621453117,40.78020665037091],[-73.99736648055797,40.78052801061052],[-73.99582876714965,40.78256950397701],[-73.99477504394244,40.78396835972706],[-73.99287306573758,40.7864931303181],[-73.99195683106919,40.78770914181141],[-73.99134745444609,40.788608022717575],[-73.99008118116774,40.79047579120883],[-73.9883183094805,40.79307584925586],[-73.98643597268588,40.795668000505124],[-73.98500074332517,40.797644286142706],[-73.98436176658322,40.79850373140528],[-73.9826548105401,40.80079951795689],[-73.98077005021352,40.80333422931957],[-73.9789740345825,40.80574938399111],[-73.97724072531419,40.80808002106958],[-73.97521656004116,40.81091563032634],[-73.97518791923054,40.810955751991784],[-73.9713010978116,40.81632657652519],[-73.96802897367303,40.82084721684545],[-73.96617093078241,40.82344378699546],[-73.96529551579545,40.824576575427734],[-73.96389121326027,40.82639365236825],[-73.96333721264448,40.82711046138137],[-73.96257677790585,40.82889873460702],[-73.96169247426106,40.83097817808784],[-73.96018759365184,40.83451659641645],[-73.95891811930726,40.83750119297522],[-73.95792526436517,40.83974585674897],[-73.95571694155396,40.84468195474916],[-73.95424154914394,40.84797935755527],[-73.95303784692686,40.85157976158978],[-73.95301217847566,40.85165653482805],[-73.95298940821178,40.85172498114895],[-73.95296686538563,40.851807123769255],[-73.95294636151709,40.85186523112368],[-73.95287332102926,40.85207222607137],[-73.94908461457533,40.85841665496998],[-73.94583152751785,40.86341042922455],[-73.9385490929848,40.874967518665976],[-73.93380972484763,40.882264291080624],[-73.92590128981453,40.879285439176826]]]],"type":"MultiPolygon"},"properties":{"borocode":"1","boroname":"Manhattan","shape_area":"944329979.014","shape_leng":"203531.367419"},"type":"Feature"},{"geometry":{"coordinates":[[[[-73.86477258217286,40.90201244187323],[-73.86305085664789,40.901508084039044],[-73.86279850645575,40.90153552172115],[-73.86266208666913,40.90145918739462],[-73.86245772627257,40.901358396514645],[-73.86224439528978,40.901267706535364],[-73.86202342518219,40.901187776690534],[-73.86179625940599,40.90111912228769],[-73.86156438318812,40.90106212283408],[-73.86134100834322,40.90111157030169],[-73.86109329926536,40.90103207528145],[-73.8608813844133,40.90096407585013],[-73.86078380097729,40.900933044861745],[-73.86068622778949,40.90090201330038],[-73.86050354628262,40.900846092615105],[-73.86027030967344,40.90077469541325],[-73.86019317334018,40.900750257714236],[-73.86010706911117,40.90072198205438],[-73.85946778700766,40.90051720926711],[-73.85939698647378,40.900606109472974],[-73.85932418496395,40.90069752739875],[-73.85907692341151,40.90100799259826],[-73.85923576168388,40.90109861263125],[-73.8594198409143,40.90139312451011],[-73.85938315281913,40.90154039071854],[-73.85937696525154,40.90156521766194],[-73.8592809968312,40.901555501377466],[-73.85920552023903,40.901547863658706],[-73.85902704152224,40.90144490975366],[-73.85886401316337,40.901711695049734],[-73.85928903127669,40.901869112013635],[-73.85938576822889,40.901904940893026],[-73.85946389958114,40.90193387763382],[-73.8594985116538,40.902101604501446],[-73.85953201376365,40.902243111123695],[-73.8595788294826,40.90244084277157],[-73.85926432541976,40.90266947939416],[-73.85917899567964,40.9026560784501],[-73.85910498771864,40.90264445543514],[-73.85903604892562,40.90258349594476],[-73.85896148071942,40.90251786471611],[-73.85872824833447,40.90228897057038],[-73.85840075352182,40.902213255799246],[-73.8581600000485,40.902305710202945],[-73.85816460299556,40.9025958605591],[-73.85796932328364,40.90285090768784],[-73.8577474739261,40.90278754691936],[-73.8575596765775,40.902917795456275],[-73.85711090479973,40.90364953269614],[-73.85717176302553,40.90408206543644],[-73.85699157346848,40.90458420906342],[-73.85704144184373,40.90464056742806],[-73.85710151378285,40.904708457882506],[-73.85718621390997,40.90469201720663],[-73.85735935234099,40.904730960987614],[-73.85743457618356,40.904841543198074],[-73.85717766075955,40.90528654166164],[-73.8570502273363,40.905291535756724],[-73.85680038348652,40.90514224817882],[-73.85673146604609,40.905101069369756],[-73.85665436822772,40.905055000279944],[-73.85636081300544,40.90510215405759],[-73.85601023389263,40.90530598362708],[-73.85601160905586,40.90548208344171],[-73.8563554513963,40.90552811792439],[-73.85642386943016,40.905544740794944],[-73.85650251760595,40.9055638487968],[-73.85692398180068,40.90597417011126],[-73.85681013638526,40.90615582832618],[-73.85655732545017,40.906262032343726],[-73.85595622644149,40.90621850373858],[-73.85588044194976,40.906241430367984],[-73.85580463795947,40.906264364126756],[-73.85552697739072,40.906380251459375],[-73.85513792083087,40.90686688914121],[-73.85423776686882,40.90703286825461],[-73.8537410363087,40.90778791623317],[-73.85383360999587,40.907974349819824],[-73.85422905300618,40.90801858904619],[-73.85471078339758,40.90800630944063],[-73.8547558195293,40.9080839927348],[-73.85479372737322,40.9081583316848],[-73.85491109673627,40.90835486983442],[-73.85458940588242,40.90893949929854],[-73.85391646095208,40.90946560344286],[-73.85377507893071,40.90953155524134],[-73.85360061720283,40.909606741451014],[-73.85335351931208,40.91004314025053],[-73.85295618421428,40.91035304417945],[-73.85276991580493,40.910406007563644],[-73.85258474750395,40.910310617064304],[-73.85266035892207,40.91001519315843],[-73.85245653383647,40.909860509071656],[-73.85227451616593,40.90985409914083],[-73.85178316950136,40.91016063065219],[-73.85149242436336,40.91027164049904],[-73.8514475396905,40.91044967120301],[-73.85107116183939,40.91037151971954],[-73.85164380654422,40.9096990846116],[-73.85207287938331,40.909197082764166],[-73.85234744960644,40.90886284209615],[-73.8530497078288,40.90803592690151],[-73.85347522333582,40.907530293526015],[-73.85257767317114,40.90720019121051],[-73.85228059645125,40.90708126662526],[-73.85142507782348,40.90678017495932],[-73.85092059362827,40.906616494489775],[-73.85040148926619,40.9072181700041],[-73.85017317485848,40.90750786565074],[-73.84933641457044,40.90712531426635],[-73.84863913198117,40.90680652216653],[-73.84708032914241,40.90615673303313],[-73.84623270427065,40.90589867226449],[-73.84538061117108,40.90565580808819],[-73.84481886985009,40.90552994967484],[-73.84487707147908,40.90507269378079],[-73.84492921919703,40.90466300376901],[-73.8448926490926,40.904190866796405],[-73.84441319532965,40.90417132954659],[-73.84339559934503,40.90417112455885],[-73.8423754377947,40.90416640477649],[-73.84138689238422,40.904172741533245],[-73.84113152789412,40.903503728397325],[-73.84106272886972,40.90321411632834],[-73.84102047408963,40.90281413547772],[-73.84086546115279,40.90186243376218],[-73.84084087442412,40.90178333475225],[-73.84081189967549,40.90170509570476],[-73.84077858879579,40.9016278566917],[-73.84074100161205,40.9015517560397],[-73.84069920525813,40.90147692993997],[-73.84065327457559,40.901403512352836],[-73.84004474635536,40.90057495718859],[-73.83924604741861,40.89950115404934],[-73.83921829506201,40.89941841671725],[-73.83919720509172,40.89933455485101],[-73.8391828550842,40.89924987702276],[-73.83917529781422,40.89916469480583],[-73.83917456106258,40.89907932162829],[-73.83918064795779,40.898994071539356],[-73.83919353564042,40.898909258314966],[-73.83921317666503,40.8988251940217],[-73.8392394987383,40.898742187969624],[-73.83927240498475,40.89866054557386],[-73.83966433211826,40.89788551510591],[-73.83964812813004,40.89733053534083],[-73.83896625879638,40.89559320646578],[-73.83839199123506,40.89406700804828],[-73.83804277285931,40.894142331387954],[-73.83737956122376,40.893924741106325],[-73.83630541758993,40.89359916538034],[-73.83525790570003,40.89339164405592],[-73.83356849702783,40.89280642584196],[-73.83267808677583,40.892601826336026],[-73.83184501062827,40.89235427901836],[-73.83095773979002,40.89203015890031],[-73.83007965312716,40.89178823282578],[-73.82890564227357,40.891439450338],[-73.82866341150988,40.891367484888356],[-73.82796933607818,40.89114527510596],[-73.82722429718076,40.89091023355098],[-73.82520822808624,40.890344349850075],[-73.82391571094577,40.88997462544308],[-73.82366848120671,40.889903740295516],[-73.82252377666882,40.88942882391685],[-73.82241805998686,40.88951443289562],[-73.82241902333328,40.88951476322458],[-73.82241674149896,40.88952086272979],[-73.82240605490028,40.88956629014341],[-73.82240593162416,40.8896124342203],[-73.82241637543333,40.88965789464507],[-73.82242662500319,40.88967938764731],[-73.8224370666569,40.88970128433851],[-73.8224673768218,40.889741287611216],[-73.82249136709044,40.88976305972478],[-73.82250638447297,40.889776687159774],[-73.82255290044833,40.88980640464737],[-73.82259512351224,40.889824969905355],[-73.82260551457979,40.88982953712876],[-73.82265872630185,40.88984456592887],[-73.82271444346304,40.8898528416965],[-73.8227469288695,40.88985403224687],[-73.82274972438839,40.88985413470787],[-73.82282383980083,40.88984813224421],[-73.82284325856531,40.889844450753664],[-73.82292483598883,40.88982898661014],[-73.82295307614811,40.88982363218347],[-73.82303888604496,40.88979643882376],[-73.82306059122197,40.88978623596461],[-73.82308940590492,40.88977269120085],[-73.82313461243871,40.88976639713155],[-73.82316908441936,40.889771870139136],[-73.82317142491785,40.88977224160419],[-73.8231733710385,40.88977290713734],[-73.82319636787295,40.889776202018545],[-73.82325967746529,40.889798602762575],[-73.82330017793383,40.8898195156342],[-73.8233337287228,40.88984660228644],[-73.82335542632737,40.889873298387336],[-73.82337030037769,40.889902562550446],[-73.82337318141462,40.88992082792562],[-73.82337443102399,40.8899217624359],[-73.82337430680371,40.88992797029766],[-73.82338180233505,40.88997550490761],[-73.82337200909463,40.89004325917176],[-73.8233706894801,40.89010946341522],[-73.823355798533,40.890150008732775],[-73.82333799466596,40.89021750413962],[-73.82331070450368,40.89029008114298],[-73.82329745511043,40.890365167846426],[-73.82329471538065,40.89038874781455],[-73.8232946538122,40.89039231075779],[-73.82330626122148,40.89043214193954],[-73.82330693717743,40.8904344616541],[-73.82332733125303,40.89046504345794],[-73.8233326232064,40.890472980400496],[-73.82333413298413,40.890474287544436],[-73.82337010308933,40.8905054542115],[-73.82341703209961,40.890529854476256],[-73.82343611671692,40.89054508991629],[-73.82345198595698,40.89056231904033],[-73.82346428323993,40.89058115471514],[-73.8234727322461,40.89060117370839],[-73.82347714312534,40.890621926198634],[-73.82347741676232,40.890642945882306],[-73.82347354700444,40.89066376045189],[-73.82337003996082,40.890967295878525],[-73.82285335006459,40.891206829095374],[-73.82061223547116,40.8906132883949],[-73.81957464110047,40.890315096460895],[-73.81948724444082,40.89028998036048],[-73.81940651728573,40.89026043427482],[-73.81827738034055,40.88984713052758],[-73.81760626847706,40.889677023793894],[-73.81661400947539,40.889433427505544],[-73.81601699492089,40.889323833843214],[-73.81574261438452,40.88919733690446],[-73.81533047562158,40.889082505732354],[-73.81524197077452,40.889060148589934],[-73.81516854859295,40.88903776225961],[-73.81365108430211,40.88867845007462],[-73.812281112953,40.888343487316284],[-73.81126834832965,40.888098906475605],[-73.80989822384873,40.887740542007236],[-73.80943273248698,40.88763840643081],[-73.80872106080291,40.8874805983771],[-73.8075594419275,40.887108891601116],[-73.80637968629173,40.88682937918248],[-73.80483870702065,40.88647396409817],[-73.80452614949355,40.886409248342524],[-73.80423761725199,40.886341681883714],[-73.80290946421202,40.886030680335764],[-73.80192449949922,40.88571296802453],[-73.7993020621208,40.88506905485776],[-73.79772783147637,40.88464812956582],[-73.79732759318267,40.88454106116818],[-73.79628181481606,40.88429088352297],[-73.79486901056426,40.88391531733435],[-73.79405517396096,40.883699966781215],[-73.79385527143008,40.88364331082991],[-73.79300652649187,40.883358737383126],[-73.78139937765508,40.88009378849677],[-73.77787855753212,40.879122804097065],[-73.74516110193927,40.871450708301936],[-73.75439238504612,40.85655287023933],[-73.76472195128663,40.84373200053863],[-73.76804683250155,40.83960396432983],[-73.77472390465974,40.83131213813404],[-73.77511500101939,40.83086872200925],[-73.77527155569165,40.83008848739509],[-73.7789575135439,40.8117131927113],[-73.77955573722917,40.81124714052438],[-73.78267619678364,40.80538577085213],[-73.78474510346612,40.80259161585137],[-73.78620708672425,40.801602986255276],[-73.78731570934897,40.800853276793106],[-73.78791783864507,40.8003620998111],[-73.7900200244682,40.80023039638826],[-73.79354649436168,40.80039477680431],[-73.79362906934006,40.80039629753681],[-73.79370965873807,40.80037532756932],[-73.79974532376457,40.8021988982651],[-73.80454265107744,40.80355381391135],[-73.81129983735434,40.80539727924117],[-73.81741799087995,40.805790363493166],[-73.82324381300123,40.80482456537759],[-73.82754132452317,40.80386435919882],[-73.83040449166704,40.803199190766286],[-73.8304762111241,40.80318046627237],[-73.83054793122331,40.80316173352601],[-73.83060205642522,40.80314153450041],[-73.83081953094229,40.80306037604349],[-73.8354068951616,40.80219900097012],[-73.84409447984181,40.801062037121945],[-73.85307212690249,40.80011348135255],[-73.85463199172656,40.79972430089181],[-73.86296518139761,40.79767016410354],[-73.86484987184818,40.79588744646724],[-73.86711790896675,40.79374195431747],[-73.8702073297133,40.790909147462045],[-73.87097263727193,40.78905713490412],[-73.87094746326305,40.78895375382209],[-73.87096139741688,40.78886528841771],[-73.87095613780787,40.78873218140729],[-73.87094258342175,40.788599413466336],[-73.87092076477515,40.7884672830273],[-73.8708907309605,40.78833608708793],[-73.87085254953456,40.7882061205437],[-73.87080132196996,40.78806324191921],[-73.87079045012251,40.78803026886238],[-73.87078573951435,40.78799646524581],[-73.87078728234756,40.78796249278375],[-73.87079504841128,40.787929016494594],[-73.87080888567434,40.78789669168323],[-73.87107316744547,40.78757484025039],[-73.87122538791158,40.78744541718164],[-73.87137398759084,40.78727091482759],[-73.87148752147036,40.7870525659713],[-73.87163065373458,40.786797905340684],[-73.87187562144997,40.786623508954264],[-73.87210572329171,40.786468817137056],[-73.87224806110342,40.786428740437174],[-73.87226518997592,40.78642391827504],[-73.87247298613171,40.78630300728256],[-73.87268454327923,40.786153926991055],[-73.87278847069514,40.78607797635332],[-73.8728719590387,40.78597502780498],[-73.87288496983648,40.78596263321615],[-73.87298121182396,40.78589445246452],[-73.87308761689025,40.78585495228099],[-73.87320234314197,40.78582496989553],[-73.87328576346641,40.785812383660385],[-73.87335461082206,40.7857886888256],[-73.87342763286804,40.785761829456966],[-73.87351452458729,40.785750091196704],[-73.87368942684128,40.78575465226697],[-73.8738639953535,40.78576404316397],[-73.87403799935471,40.78577825147351],[-73.87421120882092,40.78579725841312],[-73.87435662263823,40.785806996137836],[-73.87459684366662,40.78583260134798],[-73.87483801317495,40.785852396972906],[-73.87507988800786,40.78586636305382],[-73.87532222429826,40.78587448550985],[-73.875564777714,40.78587675615152],[-73.87580730370313,40.785873172689435],[-73.87604955774175,40.78586373873671],[-73.87629129558034,40.785848463804875],[-73.87653227349037,40.78582736329473],[-73.87677224850998,40.785800458480445],[-73.87830680057644,40.78535662050863],[-73.88522186783523,40.786630487195644],[-73.8853744221112,40.78666912629612],[-73.88574422077028,40.78667729180694],[-73.88596200181902,40.78675251948504],[-73.88612955538453,40.7867079932524],[-73.88631726172164,40.786732870119394],[-73.88659282770269,40.78673817541287],[-73.88692199720253,40.78673311425381],[-73.88715316484884,40.786826182030104],[-73.8872778341873,40.78680667324894],[-73.88770126306483,40.78687227407025],[-73.8883072566622,40.78700634428319],[-73.88856541967114,40.787160949835894],[-73.88905212443284,40.78737255975572],[-73.88940460873206,40.78779128007538],[-73.88952254829911,40.78805882469798],[-73.8896109704302,40.788199990505866],[-73.88979724086192,40.78865239218998],[-73.88987049744203,40.788895497985116],[-73.88988482197048,40.78900996593536],[-73.89012684970766,40.78963627949072],[-73.89030135499006,40.789876726832304],[-73.89056971575052,40.79010763621307],[-73.89079999909828,40.790207576198725],[-73.89091952963899,40.790225554277995],[-73.89115649498099,40.79017385570465],[-73.89140452803782,40.79019391879706],[-73.89160587115441,40.79016070045078],[-73.89177016603495,40.790222043269615],[-73.89197448927068,40.79023627424179],[-73.89210433910308,40.790323336940354],[-73.89218182984935,40.79039426960916],[-73.8998688874523,40.792449472956456],[-73.90565712348807,40.79412221372493],[-73.91239963408813,40.79607025601146],[-73.91372255973579,40.7967894387589],[-73.91512767444794,40.79736294850839],[-73.91616947132847,40.79783071842455],[-73.91880394070576,40.798879729722515],[-73.91889092597594,40.79891589459669],[-73.91895581706159,40.79894691727502],[-73.91903181973144,40.79898494624387],[-73.91912380270183,40.799032455052405],[-73.92024068092735,40.79961368787006],[-73.92044066980381,40.79980415649081],[-73.92078133924322,40.80027500995213],[-73.92095645264384,40.80059881422495],[-73.9213273077852,40.801284591631585],[-73.92168826973968,40.80158572330178],[-73.9220376596916,40.80187719757288],[-73.92259611000277,40.80218820133195],[-73.92292710065784,40.802373294643104],[-73.92358699045947,40.80251572482153],[-73.92422706841215,40.802545010855745],[-73.92665794788495,40.80240980391489],[-73.92762788658843,40.802695665481764],[-73.92750834884211,40.80293323371135],[-73.92731248358223,40.803211770480495],[-73.92743689902498,40.80327744169394],[-73.92728271943585,40.80350826441722],[-73.92764500352583,40.80398863284625],[-73.92793174026234,40.803999462513914],[-73.92810959569337,40.80401293433759],[-73.92820591748352,40.8040480802544],[-73.92834056185582,40.80423989028156],[-73.92872607489883,40.80410362472488],[-73.93005458890526,40.80590234732339],[-73.93031950058686,40.80619014569929],[-73.93053645059723,40.80647027694316],[-73.93051758839161,40.80659056356701],[-73.93116268129293,40.80712829577704],[-73.93176476876214,40.80776969297118],[-73.93181050747292,40.80781841795073],[-73.93184564493089,40.80785584497905],[-73.93188710031586,40.80789402439714],[-73.93191956691408,40.80793713360162],[-73.93228261982833,40.80836397312063],[-73.93252708785967,40.80882328177552],[-73.93264257115321,40.80938286452651],[-73.93262095288837,40.80977074127147],[-73.93259434647304,40.81005355686696],[-73.93282288760689,40.8101136173337],[-73.9328325063348,40.81011615255969],[-73.93286397083318,40.8101244368861],[-73.93287412001965,40.810414043429176],[-73.93278688085368,40.810494460199294],[-73.93269089700823,40.810582932578825],[-73.93267921899451,40.81079913518726],[-73.93256503302071,40.810885975189905],[-73.93261684657168,40.811467495891],[-73.93263229255253,40.81190462176082],[-73.93247701797105,40.813423607835155],[-73.93243119381603,40.81401683338761],[-73.9324283994669,40.81406068631605],[-73.93242632001915,40.81411751895935],[-73.93242307661151,40.81415171517618],[-73.93241767276572,40.8142087056884],[-73.93237568818527,40.814651574802724],[-73.9323656418262,40.81503296487493],[-73.93236209199667,40.81534211782539],[-73.9323406284529,40.81721181929964],[-73.9323358226825,40.81763040437958],[-73.93238745042831,40.819424387148466],[-73.9323884755583,40.81946002788735],[-73.93238971325029,40.81950284733699],[-73.93238181702401,40.81955319634088],[-73.93237498438097,40.81959069668197],[-73.93242874737321,40.820447140295414],[-73.93245923880322,40.82112061214128],[-73.93246603518885,40.821577434975964],[-73.93251180889193,40.82213881591805],[-73.93254883578302,40.822599216753076],[-73.93257862720847,40.823040711045685],[-73.93261139002465,40.8234876195755],[-73.93266867562096,40.8240783513853],[-73.93270505627336,40.82455972400059],[-73.93272841961661,40.82491254295745],[-73.93273054089451,40.82498434825348],[-73.93273843975086,40.82512551143673],[-73.93274693841826,40.82521678307626],[-73.93275761662524,40.82532227041284],[-73.9327659458116,40.82545822718517],[-73.93277433338794,40.82561216888234],[-73.93295940307466,40.826923447266815],[-73.93298275135783,40.82722440674669],[-73.93300760566304,40.82753571320461],[-73.93305881683789,40.82808624381192],[-73.93307251068161,40.828156152036435],[-73.93308540348333,40.828225673818025],[-73.9333256283995,40.830028683765846],[-73.93341936721265,40.830774350969065],[-73.93347556906217,40.83122141057527],[-73.93354606747043,40.831509452999086],[-73.93360592036706,40.83278953052097],[-73.93357044736173,40.8328921920782],[-73.9335639574196,40.83294273602143],[-73.93356390857384,40.832991653331085],[-73.93353807924798,40.83305849207649],[-73.93351358092677,40.83314875478512],[-73.9334867110434,40.83327147567873],[-73.9334691834206,40.83339516762589],[-73.93346105620016,40.8335194206898],[-73.9334623563697,40.833643823071505],[-73.9331993131564,40.83477039587408],[-73.93317633641155,40.83494357382724],[-73.93314306709256,40.835194127616695],[-73.93299639001609,40.83567878918892],[-73.9326562035398,40.836473476526095],[-73.93235564218675,40.83699333562858],[-73.9318666017282,40.837640055748],[-73.93150395434263,40.838320689007695],[-73.93095819766826,40.83925414691318],[-73.93086414351619,40.83935336886783],[-73.93081468528484,40.83942834514682],[-73.93076944989443,40.839570177660995],[-73.93075007893717,40.83961582213068],[-73.9307157038901,40.83963862978737],[-73.9306598019076,40.8397152322997],[-73.93059094734627,40.83985868154731],[-73.93055441793419,40.839888009894786],[-73.93051572319956,40.83993364218404],[-73.9305070562785,40.84001027406952],[-73.93043183972385,40.84023170538774],[-73.93048324521037,40.84046006056727],[-73.93039907621815,40.84061025903075],[-73.93036686093104,40.84062002230475],[-73.9298571467827,40.84156744845526],[-73.92958939508136,40.84208354857732],[-73.92957870884571,40.842276669100045],[-73.92938012588203,40.84246714562457],[-73.92919408007222,40.842818415237204],[-73.92918458673088,40.843203757647835],[-73.92861574822354,40.84467686503018],[-73.92827454706787,40.84497576115719],[-73.92811925349231,40.845317203818674],[-73.92808209373672,40.84539159683376],[-73.92804748401839,40.84546459595471],[-73.92786869810828,40.84559772120025],[-73.92767073346569,40.846033482484394],[-73.92763424726976,40.84601878419681],[-73.92759209751685,40.8460523365156],[-73.92754828446873,40.84608721456112],[-73.92746013035534,40.84619477632874],[-73.927421415361,40.8462550834274],[-73.92739125951078,40.846341483681776],[-73.92736756994744,40.84640506089714],[-73.92736149062327,40.846418903565265],[-73.92734184453732,40.846463641438184],[-73.92730194498634,40.8465068673763],[-73.92727798063599,40.846548035603604],[-73.92722479545733,40.8465896568057],[-73.9271551982428,40.84665082968594],[-73.92701961315842,40.84681765779761],[-73.92693545888346,40.8469241441706],[-73.92687934762685,40.84703950657206],[-73.92688167671488,40.847103401545],[-73.92685912332065,40.84719293597511],[-73.92685127602489,40.84722409105602],[-73.92683023216802,40.84728976018874],[-73.92677400548408,40.84732556266264],[-73.92675777037108,40.84733590112487],[-73.92669933467506,40.84735187055058],[-73.92662687440173,40.84739268650051],[-73.9265660882078,40.847509823192325],[-73.92651699739726,40.8475648403456],[-73.92645855261846,40.84764825429874],[-73.92641413270698,40.847731669964965],[-73.92630425864076,40.847870101441195],[-73.9261943918427,40.84796061152643],[-73.9261102412781,40.848020949900004],[-73.92603310172092,40.848072415298844],[-73.92597932956909,40.848162928631524],[-73.92593957829611,40.848271192857425],[-73.92586477100268,40.84836170468865],[-73.92577127033289,40.84842204283277],[-73.92521955529823,40.84908224673786],[-73.92465379930393,40.849785043010726],[-73.92445273249751,40.85009207692022],[-73.9242240509072,40.850568876551456],[-73.92408865819102,40.85073735017466],[-73.92384778945822,40.85118260871615],[-73.92394789435293,40.85122178461628],[-73.92351769239262,40.85183581997122],[-73.92331810341263,40.85212978796224],[-73.92256178946535,40.853188911527496],[-73.92174035403008,40.8542212378407],[-73.92154971856307,40.85453029974163],[-73.92108769700312,40.85516620523412],[-73.92099167869219,40.8553045355908],[-73.92002002142898,40.85627072053077],[-73.91956620878487,40.856840183687886],[-73.91902369125211,40.857396538413894],[-73.91829123397613,40.85815501491112],[-73.91710643669239,40.85970633504583],[-73.9166791538083,40.86026920300081],[-73.9161162434203,40.86091115047082],[-73.91481817405308,40.86189908898314],[-73.91477109675118,40.861946308149385],[-73.91474323884673,40.86193358947904],[-73.91470028509565,40.861953112544136],[-73.91467162995333,40.86198133760567],[-73.91463437531982,40.86202041933788],[-73.91461143749129,40.86205299399752],[-73.91461141238281,40.86207254946108],[-73.9146211635514,40.86209669073497],[-73.91429082522971,40.862428017047726],[-73.91422918067761,40.86248855665986],[-73.91335966675405,40.863647938768395],[-73.911048911697,40.86630644197128],[-73.9103178612269,40.86753612420682],[-73.90986176427595,40.86794331561658],[-73.9096669484779,40.8684170395903],[-73.90949664312318,40.86883115664058],[-73.9092746410747,40.86955413238336],[-73.90893714929886,40.87101984030904],[-73.90864943177567,40.87138578380349],[-73.90893235241582,40.8721573479708],[-73.90872046391374,40.872228665589496],[-73.90846367912475,40.87262079220736],[-73.90774270784556,40.87284595211176],[-73.90746489728103,40.87354735423604],[-73.90708792618742,40.87432598340586],[-73.90691694520305,40.875055862761535],[-73.90665099539471,40.87575250419279],[-73.90682004046141,40.87658552510437],[-73.90682822856829,40.87663155188898],[-73.90685372865191,40.87666367552714],[-73.90692586434848,40.87675454730311],[-73.90703748936711,40.8768951607083],[-73.90765281705261,40.877428022859576],[-73.90835569683973,40.87791831418686],[-73.9090623603833,40.878486782812246],[-73.9094983211752,40.878776731679366],[-73.9103319356648,40.879038046804844],[-73.9114891319045,40.87901885880971],[-73.91205830030296,40.87811931954625],[-73.91247736339118,40.87791322737197],[-73.91484624156446,40.8766667097741],[-73.91571027699665,40.87579545505282],[-73.9157431467475,40.87576089549067],[-73.915785155719,40.87571694506451],[-73.91726028337288,40.87580900358077],[-73.91733338910993,40.87580205921571],[-73.91740100887853,40.87578690427346],[-73.9174736485843,40.87576225015338],[-73.91768907138149,40.87568068405789],[-73.91775669329705,40.875663627860405],[-73.91778922572907,40.875676954692175],[-73.91783922540297,40.875737804911935],[-73.91791929539365,40.87577777133657],[-73.91799187227176,40.875804428896686],[-73.91808452265221,40.875794993142755],[-73.91824974232529,40.875817915506055],[-73.91825972376269,40.87584452954429],[-73.91827974003682,40.8758559458207],[-73.91829727535894,40.87584835638916],[-73.91832983833733,40.87583697633217],[-73.91908326290799,40.87606488182599],[-73.91978381232852,40.87642143610611],[-73.919775568545,40.87649755387541],[-73.91987703581991,40.87650888691859],[-73.91992137179281,40.87654506189163],[-73.91994332119519,40.87654683041274],[-73.91996893813734,40.876548895307984],[-73.9200289759628,40.87659264712334],[-73.9200689954251,40.87662688315531],[-73.9200564594505,40.87665692050969],[-73.92005393038467,40.876662981237466],[-73.92007143601678,40.87668009776764],[-73.92008028430828,40.87668010389548],[-73.92011149577303,40.876680125505445],[-73.92015400759993,40.8767238657912],[-73.92025638898792,40.876951990276794],[-73.92157710424007,40.87813654262204],[-73.92160630247058,40.878157102078916],[-73.9216328627696,40.87818479369008],[-73.92164515447993,40.87819854258044],[-73.92169203715613,40.878250983700696],[-73.92182211843586,40.878351796066994],[-73.92206723651893,40.87857241480316],[-73.9221344406293,40.87860986378588],[-73.92222979565166,40.87864549649183],[-73.92240799295864,40.87868309024734],[-73.9224079751691,40.87869833379177],[-73.92243464475999,40.87869846312162],[-73.92248829959347,40.87870664479138],[-73.92248992794133,40.87874475544574],[-73.92253523106844,40.8787665758691],[-73.92258529781739,40.878776111683514],[-73.92267879929842,40.87886681383431],[-73.92273788287523,40.87890544542808],[-73.92279794451149,40.878932091567826],[-73.92287303871036,40.87895114604805],[-73.92295065367476,40.87895499881216],[-73.92304082223721,40.87893035390759],[-73.92309319848714,40.878905555432304],[-73.92312345723838,40.87892280730649],[-73.92316350671443,40.87893423657355],[-73.92318603906207,40.87893615194958],[-73.92324363509948,40.87893048897139],[-73.9232591722342,40.87892107129669],[-73.92326869161509,40.87891530111028],[-73.92330375396061,40.878907722741296],[-73.92359172553192,40.87895215883033],[-73.92362973950404,40.87896394324346],[-73.92374935501279,40.87898403609708],[-73.92379441368192,40.87899356908263],[-73.92382697877527,40.87898028660267],[-73.92390209942491,40.878976535740584],[-73.92394215187073,40.87898416331534],[-73.92396967812263,40.87899938547239],[-73.92398718755102,40.879014600858405],[-73.92403725620422,40.879022235499114],[-73.9240572889593,40.879020348306035],[-73.92406481633897,40.87900705028605],[-73.92417999621692,40.87900522563527],[-73.92431268537304,40.87901861503332],[-73.92449042779126,40.87904723895692],[-73.92451795851083,40.879058659059574],[-73.92453549396468,40.879051069354695],[-73.92453803224585,40.879020663645],[-73.92458061746717,40.87900358708516],[-73.92461565385291,40.87901881332549],[-73.92465572020933,40.87901503923818],[-73.92468081949117,40.87896184322691],[-73.92472342185195,40.878929562773],[-73.9247785339444,40.87890489313747],[-73.92490327473082,40.87888836785337],[-73.92590128981453,40.879285439176826],[-73.93380972484763,40.882264291080624],[-73.92952768879137,40.889668432993666],[-73.92746271711052,40.894582757597185],[-73.92196328076193,40.90711900928712],[-73.919133983843,40.91481577756379],[-73.91827364004521,40.91766180885905],[-73.91072798646728,40.91577391078968],[-73.91033256848978,40.91553277650281],[-73.91011276625107,40.91539873414474],[-73.90851155017607,40.91500226402656],[-73.90245664004945,40.91295893342614],[-73.90060386058585,40.91260726539685],[-73.89995351318467,40.91238343476509],[-73.89810489688747,40.911790600010434],[-73.89725326354962,40.91165551993882],[-73.89663333863315,40.911417374846465],[-73.89246906563311,40.91016766420975],[-73.88610703990888,40.908329270751274],[-73.88605575379718,40.908314452601296],[-73.88599854987731,40.908297124469804],[-73.88561523041889,40.90818102431499],[-73.88480028000745,40.90793073608259],[-73.88469597252761,40.90789870029552],[-73.88405407210496,40.90770269738744],[-73.88303257442054,40.90733363115739],[-73.88148094361551,40.906891856701186],[-73.87836160125984,40.90600363600634],[-73.87816777555143,40.90595550798319],[-73.87811197773114,40.905943760083346],[-73.87807189344119,40.90593244370342],[-73.87803672198648,40.90592860682382],[-73.87786550376558,40.905869209854906],[-73.87736817117963,40.905711656870636],[-73.87646714998299,40.9054441172148],[-73.87563292119684,40.90520821281759],[-73.87483045288491,40.90494378336839],[-73.87416054884369,40.9047812832402],[-73.87294860352853,40.90444102266847],[-73.87095251886187,40.90385025271426],[-73.86789798562593,40.902940176402176],[-73.86652124512908,40.90251592962886],[-73.8656579432583,40.9022432075406],[-73.86477258217286,40.90201244187323]]]],"type":"MultiPolygon"},"properties":{"borocode":"2","boroname":"Bronx","shape_area":"1598501243.89","shape_leng":"188162.479525"},"type":"Feature"}],"type":"FeatureCollection"}
